reader,condition,endpoint,n,mean,raw_mean,raw_n,raw_status,ordered_ids_sha256
qwen,question_only,local_em,100,0.09,0.09,100,complete,aea3a831fb224951f439e227f4a080eb44397a5afd44409ef3e81e3d42c9704f
qwen,question_only,local_f1,100,0.14066666666666666,0.14066666666666666,100,complete,aea3a831fb224951f439e227f4a080eb44397a5afd44409ef3e81e3d42c9704f
qwen,question_only,official_em,100,0.09,0.09,100,complete,aea3a831fb224951f439e227f4a080eb44397a5afd44409ef3e81e3d42c9704f
qwen,question_only,official_f1,100,0.14066666666666666,0.14066666666666666,100,complete,aea3a831fb224951f439e227f4a080eb44397a5afd44409ef3e81e3d42c9704f
qwen,gold_support,local_em,100,0.57,0.57,100,complete,aea3a831fb224951f439e227f4a080eb44397a5afd44409ef3e81e3d42c9704f
qwen,gold_support,local_f1,100,0.675952380952381,0.675952380952381,100,complete,aea3a831fb224951f439e227f4a080eb44397a5afd44409ef3e81e3d42c9704f
qwen,gold_support,official_em,100,0.57,0.57,100,complete,aea3a831fb224951f439e227f4a080eb44397a5afd44409ef3e81e3d42c9704f
qwen,gold_support,official_f1,100,0.675952380952381,0.675952380952381,100,complete,aea3a831fb224951f439e227f4a080eb44397a5afd44409ef3e81e3d42c9704f
qwen,bm25,local_em,100,0.18,,0,missing_historical_raw,aea3a831fb224951f439e227f4a080eb44397a5afd44409ef3e81e3d42c9704f
qwen,bm25,local_f1,100,0.24616666666666667,,0,missing_historical_raw,aea3a831fb224951f439e227f4a080eb44397a5afd44409ef3e81e3d42c9704f
qwen,bm25,official_em,100,0.18,,0,missing_historical_raw,aea3a831fb224951f439e227f4a080eb44397a5afd44409ef3e81e3d42c9704f
qwen,bm25,official_f1,100,0.24616666666666667,,0,missing_historical_raw,aea3a831fb224951f439e227f4a080eb44397a5afd44409ef3e81e3d42c9704f
qwen,cross_encoder,local_em,100,0.29,0.29,100,complete,aea3a831fb224951f439e227f4a080eb44397a5afd44409ef3e81e3d42c9704f
qwen,cross_encoder,local_f1,100,0.37516666666666665,0.37516666666666665,100,complete,aea3a831fb224951f439e227f4a080eb44397a5afd44409ef3e81e3d42c9704f
qwen,cross_encoder,official_em,100,0.29,0.29,100,complete,aea3a831fb224951f439e227f4a080eb44397a5afd44409ef3e81e3d42c9704f
qwen,cross_encoder,official_f1,100,0.37516666666666665,0.37516666666666665,100,complete,aea3a831fb224951f439e227f4a080eb44397a5afd44409ef3e81e3d42c9704f
mistral,question_only,local_em,100,0.05,0.05,100,complete,aea3a831fb224951f439e227f4a080eb44397a5afd44409ef3e81e3d42c9704f
mistral,question_only,local_f1,100,0.19498763680494732,0.1965260983434089,100,complete,aea3a831fb224951f439e227f4a080eb44397a5afd44409ef3e81e3d42c9704f
mistral,question_only,official_em,100,0.05,0.05,100,complete,aea3a831fb224951f439e227f4a080eb44397a5afd44409ef3e81e3d42c9704f
mistral,question_only,official_f1,100,0.18247095293841828,0.1840094144768798,100,complete,aea3a831fb224951f439e227f4a080eb44397a5afd44409ef3e81e3d42c9704f
mistral,gold_support,local_em,100,0.35,0.35,100,complete,aea3a831fb224951f439e227f4a080eb44397a5afd44409ef3e81e3d42c9704f
mistral,gold_support,local_f1,100,0.535692371354136,0.535692371354136,100,complete,aea3a831fb224951f439e227f4a080eb44397a5afd44409ef3e81e3d42c9704f
mistral,gold_support,official_em,100,0.35,0.35,100,complete,aea3a831fb224951f439e227f4a080eb44397a5afd44409ef3e81e3d42c9704f
mistral,gold_support,official_f1,100,0.5266679154179154,0.5266679154179154,100,complete,aea3a831fb224951f439e227f4a080eb44397a5afd44409ef3e81e3d42c9704f
mistral,bm25,local_em,100,0.15,0.15,100,complete,aea3a831fb224951f439e227f4a080eb44397a5afd44409ef3e81e3d42c9704f
mistral,bm25,local_f1,100,0.2679987234987235,0.27005135507767086,100,complete,aea3a831fb224951f439e227f4a080eb44397a5afd44409ef3e81e3d42c9704f
mistral,bm25,official_em,100,0.15,0.15,100,complete,aea3a831fb224951f439e227f4a080eb44397a5afd44409ef3e81e3d42c9704f
mistral,bm25,official_f1,100,0.2643479298479299,0.26540056142687724,100,complete,aea3a831fb224951f439e227f4a080eb44397a5afd44409ef3e81e3d42c9704f
mistral,cross_encoder,local_em,100,0.22,0.21,100,complete,aea3a831fb224951f439e227f4a080eb44397a5afd44409ef3e81e3d42c9704f
mistral,cross_encoder,local_f1,100,0.36849212715389185,0.3569595457002578,100,complete,aea3a831fb224951f439e227f4a080eb44397a5afd44409ef3e81e3d42c9704f
mistral,cross_encoder,official_em,100,0.22,0.21,100,complete,aea3a831fb224951f439e227f4a080eb44397a5afd44409ef3e81e3d42c9704f
mistral,cross_encoder,official_f1,100,0.36331565656565656,0.3517830751120225,100,complete,aea3a831fb224951f439e227f4a080eb44397a5afd44409ef3e81e3d42c9704f
