reader,baseline,target,endpoint,ordered_ids_sha256,n,baseline_mean,target_mean,delta,ci_low,ci_high,baseline_only,target_only,baseline_higher,target_higher,ties,p_exact,p_raw,test,seed,n_resamples,family,family_size,p_holm,evidence
qwen,bm25,question_only,local_em,aea3a831fb224951f439e227f4a080eb44397a5afd44409ef3e81e3d42c9704f,100,0.18,0.09,-0.09,-0.17,-0.01,13,4,13,4,83,0.049041748046875,0.049041748046875,two_sided_exact_mcnemar,13,10000,reader_controls_local_em,10,0.07016406673938036,unresolved
qwen,bm25,question_only,local_f1,aea3a831fb224951f439e227f4a080eb44397a5afd44409ef3e81e3d42c9704f,100,0.24616666666666667,0.14066666666666663,-0.10550000000000001,-0.19117083333333335,-0.020329166666666725,,,19,8,73,,0.020497950204979503,paired_sign_flip_monte_carlo,13,10000,reader_controls_local_f1,10,0.040995900409959006,negative
qwen,bm25,question_only,official_em,aea3a831fb224951f439e227f4a080eb44397a5afd44409ef3e81e3d42c9704f,100,0.18,0.09,-0.09,-0.17,-0.01,13,4,13,4,83,0.049041748046875,0.049041748046875,two_sided_exact_mcnemar,13,10000,reader_controls_official_em,10,0.07016406673938036,unresolved
qwen,bm25,question_only,official_f1,aea3a831fb224951f439e227f4a080eb44397a5afd44409ef3e81e3d42c9704f,100,0.24616666666666667,0.14066666666666663,-0.10550000000000001,-0.19117083333333335,-0.020329166666666725,,,19,8,73,,0.020497950204979503,paired_sign_flip_monte_carlo,13,10000,reader_controls_official_f1,10,0.040995900409959006,negative
qwen,cross_encoder,question_only,local_em,aea3a831fb224951f439e227f4a080eb44397a5afd44409ef3e81e3d42c9704f,100,0.29,0.09,-0.2,-0.29,-0.11,22,2,22,2,76,3.5881996154785156e-05,3.5881996154785156e-05,two_sided_exact_mcnemar,13,10000,reader_controls_local_em,10,0.00021529197692871094,negative
qwen,cross_encoder,question_only,local_f1,aea3a831fb224951f439e227f4a080eb44397a5afd44409ef3e81e3d42c9704f,100,0.37516666666666665,0.14066666666666663,-0.23450000000000004,-0.32783749999999995,-0.14349583333333338,,,31,4,65,,9.999000099990002e-05,paired_sign_flip_monte_carlo,13,10000,reader_controls_local_f1,10,0.000999900009999,negative
qwen,cross_encoder,question_only,official_em,aea3a831fb224951f439e227f4a080eb44397a5afd44409ef3e81e3d42c9704f,100,0.29,0.09,-0.2,-0.29,-0.11,22,2,22,2,76,3.5881996154785156e-05,3.5881996154785156e-05,two_sided_exact_mcnemar,13,10000,reader_controls_official_em,10,0.00021529197692871094,negative
qwen,cross_encoder,question_only,official_f1,aea3a831fb224951f439e227f4a080eb44397a5afd44409ef3e81e3d42c9704f,100,0.37516666666666665,0.14066666666666663,-0.23450000000000004,-0.32783749999999995,-0.14349583333333338,,,31,4,65,,9.999000099990002e-05,paired_sign_flip_monte_carlo,13,10000,reader_controls_official_f1,10,0.000999900009999,negative
qwen,bm25,gold_support,local_em,aea3a831fb224951f439e227f4a080eb44397a5afd44409ef3e81e3d42c9704f,100,0.18,0.57,0.39,0.29,0.49,1,40,1,40,59,3.8198777474462986e-11,3.8198777474462986e-11,two_sided_exact_mcnemar,13,10000,reader_controls_local_em,10,3.4378899727016687e-10,positive
qwen,bm25,gold_support,local_f1,aea3a831fb224951f439e227f4a080eb44397a5afd44409ef3e81e3d42c9704f,100,0.24616666666666667,0.6759523809523809,0.42978571428571427,0.33413809523809523,0.5271970238095237,,,1,48,51,,9.999000099990002e-05,paired_sign_flip_monte_carlo,13,10000,reader_controls_local_f1,10,0.000999900009999,positive
qwen,bm25,gold_support,official_em,aea3a831fb224951f439e227f4a080eb44397a5afd44409ef3e81e3d42c9704f,100,0.18,0.57,0.39,0.29,0.49,1,40,1,40,59,3.8198777474462986e-11,3.8198777474462986e-11,two_sided_exact_mcnemar,13,10000,reader_controls_official_em,10,3.4378899727016687e-10,positive
qwen,bm25,gold_support,official_f1,aea3a831fb224951f439e227f4a080eb44397a5afd44409ef3e81e3d42c9704f,100,0.24616666666666667,0.6759523809523809,0.42978571428571427,0.33413809523809523,0.5271970238095237,,,1,48,51,,9.999000099990002e-05,paired_sign_flip_monte_carlo,13,10000,reader_controls_official_f1,10,0.000999900009999,positive
qwen,cross_encoder,gold_support,local_em,aea3a831fb224951f439e227f4a080eb44397a5afd44409ef3e81e3d42c9704f,100,0.29,0.57,0.28,0.18,0.38,4,32,4,32,64,1.941574737429619e-06,1.941574737429619e-06,two_sided_exact_mcnemar,13,10000,reader_controls_local_em,10,1.3591023162007332e-05,positive
qwen,cross_encoder,gold_support,local_f1,aea3a831fb224951f439e227f4a080eb44397a5afd44409ef3e81e3d42c9704f,100,0.37516666666666665,0.6759523809523809,0.30078571428571427,0.1983797619047619,0.4065523809523809,,,5,38,57,,9.999000099990002e-05,paired_sign_flip_monte_carlo,13,10000,reader_controls_local_f1,10,0.000999900009999,positive
qwen,cross_encoder,gold_support,official_em,aea3a831fb224951f439e227f4a080eb44397a5afd44409ef3e81e3d42c9704f,100,0.29,0.57,0.28,0.18,0.38,4,32,4,32,64,1.941574737429619e-06,1.941574737429619e-06,two_sided_exact_mcnemar,13,10000,reader_controls_official_em,10,1.3591023162007332e-05,positive
qwen,cross_encoder,gold_support,official_f1,aea3a831fb224951f439e227f4a080eb44397a5afd44409ef3e81e3d42c9704f,100,0.37516666666666665,0.6759523809523809,0.30078571428571427,0.1983797619047619,0.4065523809523809,,,5,38,57,,9.999000099990002e-05,paired_sign_flip_monte_carlo,13,10000,reader_controls_official_f1,10,0.000999900009999,positive
qwen,question_only,gold_support,local_em,aea3a831fb224951f439e227f4a080eb44397a5afd44409ef3e81e3d42c9704f,100,0.09,0.57,0.48,0.38,0.58,1,49,1,49,50,9.059419880941277e-14,9.059419880941277e-14,two_sided_exact_mcnemar,13,10000,reader_controls_local_em,10,9.059419880941277e-13,positive
qwen,question_only,gold_support,local_f1,aea3a831fb224951f439e227f4a080eb44397a5afd44409ef3e81e3d42c9704f,100,0.14066666666666663,0.6759523809523809,0.5352857142857143,0.43542619047619047,0.6333357142857142,,,3,60,37,,9.999000099990002e-05,paired_sign_flip_monte_carlo,13,10000,reader_controls_local_f1,10,0.000999900009999,positive
qwen,question_only,gold_support,official_em,aea3a831fb224951f439e227f4a080eb44397a5afd44409ef3e81e3d42c9704f,100,0.09,0.57,0.48,0.38,0.58,1,49,1,49,50,9.059419880941277e-14,9.059419880941277e-14,two_sided_exact_mcnemar,13,10000,reader_controls_official_em,10,9.059419880941277e-13,positive
qwen,question_only,gold_support,official_f1,aea3a831fb224951f439e227f4a080eb44397a5afd44409ef3e81e3d42c9704f,100,0.14066666666666663,0.6759523809523809,0.5352857142857143,0.43542619047619047,0.6333357142857142,,,3,60,37,,9.999000099990002e-05,paired_sign_flip_monte_carlo,13,10000,reader_controls_official_f1,10,0.000999900009999,positive
mistral,bm25,question_only,local_em,aea3a831fb224951f439e227f4a080eb44397a5afd44409ef3e81e3d42c9704f,100,0.15,0.05,-0.1,-0.17,-0.04,11,1,11,1,88,0.00634765625,0.00634765625,two_sided_exact_mcnemar,13,10000,reader_controls_local_em,10,0.01904296875,negative
mistral,bm25,question_only,local_f1,aea3a831fb224951f439e227f4a080eb44397a5afd44409ef3e81e3d42c9704f,100,0.2679987234987235,0.19498763680494735,-0.07301108669377615,-0.1479955120595816,-0.0020776044141019388,,,26,19,55,,0.05929407059294071,paired_sign_flip_monte_carlo,13,10000,reader_controls_local_f1,10,0.05929407059294071,unresolved
mistral,bm25,question_only,official_em,aea3a831fb224951f439e227f4a080eb44397a5afd44409ef3e81e3d42c9704f,100,0.15,0.05,-0.1,-0.17,-0.04,11,1,11,1,88,0.00634765625,0.00634765625,two_sided_exact_mcnemar,13,10000,reader_controls_official_em,10,0.01904296875,negative
mistral,bm25,question_only,official_f1,aea3a831fb224951f439e227f4a080eb44397a5afd44409ef3e81e3d42c9704f,100,0.2643479298479298,0.18247095293841828,-0.08187697690951158,-0.15784680759138556,-0.010385020346982271,,,25,14,61,,0.0362963703629637,paired_sign_flip_monte_carlo,13,10000,reader_controls_official_f1,10,0.040995900409959006,negative
mistral,cross_encoder,question_only,local_em,aea3a831fb224951f439e227f4a080eb44397a5afd44409ef3e81e3d42c9704f,100,0.22,0.05,-0.17,-0.25,-0.09,18,1,18,1,81,7.62939453125e-05,7.62939453125e-05,two_sided_exact_mcnemar,13,10000,reader_controls_local_em,10,0.0003814697265625,negative
mistral,cross_encoder,question_only,local_f1,aea3a831fb224951f439e227f4a080eb44397a5afd44409ef3e81e3d42c9704f,100,0.3684921271538919,0.19498763680494735,-0.17350449034894452,-0.25293294212192885,-0.09652172723086881,,,39,13,48,,0.00019998000199980003,paired_sign_flip_monte_carlo,13,10000,reader_controls_local_f1,10,0.000999900009999,negative
mistral,cross_encoder,question_only,official_em,aea3a831fb224951f439e227f4a080eb44397a5afd44409ef3e81e3d42c9704f,100,0.22,0.05,-0.17,-0.25,-0.09,18,1,18,1,81,7.62939453125e-05,7.62939453125e-05,two_sided_exact_mcnemar,13,10000,reader_controls_official_em,10,0.0003814697265625,negative
mistral,cross_encoder,question_only,official_f1,aea3a831fb224951f439e227f4a080eb44397a5afd44409ef3e81e3d42c9704f,100,0.36331565656565656,0.18247095293841828,-0.18084470362723828,-0.26055598005151026,-0.10311610564255522,,,39,10,51,,9.999000099990002e-05,paired_sign_flip_monte_carlo,13,10000,reader_controls_official_f1,10,0.000999900009999,negative
mistral,bm25,gold_support,local_em,aea3a831fb224951f439e227f4a080eb44397a5afd44409ef3e81e3d42c9704f,100,0.15,0.35,0.2,0.11,0.3,4,24,4,24,72,0.00017999112606048584,0.00017999112606048584,two_sided_exact_mcnemar,13,10000,reader_controls_local_em,10,0.0007199645042419434,positive
mistral,bm25,gold_support,local_f1,aea3a831fb224951f439e227f4a080eb44397a5afd44409ef3e81e3d42c9704f,100,0.2679987234987235,0.535692371354136,0.2676936478554126,0.17449539692333813,0.36173983169608176,,,12,50,38,,9.999000099990002e-05,paired_sign_flip_monte_carlo,13,10000,reader_controls_local_f1,10,0.000999900009999,positive
mistral,bm25,gold_support,official_em,aea3a831fb224951f439e227f4a080eb44397a5afd44409ef3e81e3d42c9704f,100,0.15,0.35,0.2,0.11,0.3,4,24,4,24,72,0.00017999112606048584,0.00017999112606048584,two_sided_exact_mcnemar,13,10000,reader_controls_official_em,10,0.0007199645042419434,positive
mistral,bm25,gold_support,official_f1,aea3a831fb224951f439e227f4a080eb44397a5afd44409ef3e81e3d42c9704f,100,0.2643479298479298,0.5266679154179154,0.2623199855699856,0.1690530636030636,0.35612203074703075,,,11,46,43,,9.999000099990002e-05,paired_sign_flip_monte_carlo,13,10000,reader_controls_official_f1,10,0.000999900009999,positive
mistral,cross_encoder,gold_support,local_em,aea3a831fb224951f439e227f4a080eb44397a5afd44409ef3e81e3d42c9704f,100,0.22,0.35,0.13,0.02,0.24,10,23,10,23,67,0.03508203336969018,0.03508203336969018,two_sided_exact_mcnemar,13,10000,reader_controls_local_em,10,0.07016406673938036,unresolved
mistral,cross_encoder,gold_support,local_f1,aea3a831fb224951f439e227f4a080eb44397a5afd44409ef3e81e3d42c9704f,100,0.3684921271538919,0.535692371354136,0.16720024420024424,0.06901600344100348,0.2669354624542124,,,20,42,38,,0.0016998300169983002,paired_sign_flip_monte_carlo,13,10000,reader_controls_local_f1,10,0.005099490050994901,positive
mistral,cross_encoder,gold_support,official_em,aea3a831fb224951f439e227f4a080eb44397a5afd44409ef3e81e3d42c9704f,100,0.22,0.35,0.13,0.02,0.24,10,23,10,23,67,0.03508203336969018,0.03508203336969018,two_sided_exact_mcnemar,13,10000,reader_controls_official_em,10,0.07016406673938036,unresolved
mistral,cross_encoder,gold_support,official_f1,aea3a831fb224951f439e227f4a080eb44397a5afd44409ef3e81e3d42c9704f,100,0.36331565656565656,0.5266679154179154,0.16335225885225885,0.0640880001942502,0.2652415064102564,,,20,39,41,,0.0021997800219978004,paired_sign_flip_monte_carlo,13,10000,reader_controls_official_f1,10,0.006599340065993401,positive
mistral,question_only,gold_support,local_em,aea3a831fb224951f439e227f4a080eb44397a5afd44409ef3e81e3d42c9704f,100,0.05,0.35,0.3,0.21,0.39,1,31,1,31,68,1.5366822481155396e-08,1.5366822481155396e-08,two_sided_exact_mcnemar,13,10000,reader_controls_local_em,10,1.2293457984924316e-07,positive
mistral,question_only,gold_support,local_f1,aea3a831fb224951f439e227f4a080eb44397a5afd44409ef3e81e3d42c9704f,100,0.19498763680494735,0.535692371354136,0.3407047345491887,0.2542304192137001,0.4288884396636028,,,11,59,30,,9.999000099990002e-05,paired_sign_flip_monte_carlo,13,10000,reader_controls_local_f1,10,0.000999900009999,positive
mistral,question_only,gold_support,official_em,aea3a831fb224951f439e227f4a080eb44397a5afd44409ef3e81e3d42c9704f,100,0.05,0.35,0.3,0.21,0.39,1,31,1,31,68,1.5366822481155396e-08,1.5366822481155396e-08,two_sided_exact_mcnemar,13,10000,reader_controls_official_em,10,1.2293457984924316e-07,positive
mistral,question_only,gold_support,official_f1,aea3a831fb224951f439e227f4a080eb44397a5afd44409ef3e81e3d42c9704f,100,0.18247095293841828,0.5266679154179154,0.3441969624794971,0.25635936003150467,0.4328165571466754,,,8,57,35,,9.999000099990002e-05,paired_sign_flip_monte_carlo,13,10000,reader_controls_official_f1,10,0.000999900009999,positive
