dataset,method,n,any_hit@10,all_support_hit@10,supporting_title_recall@10,worst_supporting_title_rank,mean_generated_words,median_generated_words,exact_answer_overlap_rate,any_gold_content_rate
hotpotqa,dense_bge,500,0.994,0.882,0.938,4.142,,,,
hotpotqa,open_hyde_evidence_only,500,0.988,0.816,0.902,4.838,71.61,72.0,0.252,0.782
hotpotqa,open_hyde_evidence_only__answer_scrubbed,500,0.988,0.812,0.9,4.848,,,,
hotpotqa,open_hyde_evidence_only__gold_content_scrubbed,500,0.988,0.794,0.891,5.138,,,,
hotpotqa,open_hyde_standard,500,0.99,0.846,0.918,4.548,53.16,51.5,0.234,0.8
hotpotqa,open_hyde_standard__answer_scrubbed,500,0.99,0.842,0.916,4.574,,,,
hotpotqa,open_hyde_standard__gold_content_scrubbed,500,0.988,0.814,0.901,4.778,,,,
hotpotqa,open_query2doc_4shot,500,0.994,0.87,0.932,4.258,34.588,32.0,0.234,0.806
hotpotqa,open_query2doc_4shot__answer_scrubbed,500,0.994,0.868,0.931,4.314,,,,
hotpotqa,open_query2doc_4shot__gold_content_scrubbed,500,0.994,0.852,0.923,4.48,,,,
2wiki,dense_bge,500,0.998,0.51,0.7655,7.086,,,,
2wiki,open_hyde_evidence_only,500,0.984,0.488,0.739,7.32,65.976,66.0,0.432,0.996
2wiki,open_hyde_evidence_only__answer_scrubbed,500,0.984,0.482,0.733,7.378,,,,
2wiki,open_hyde_evidence_only__gold_content_scrubbed,500,0.952,0.442,0.6885,7.716,,,,
2wiki,open_hyde_standard,500,0.994,0.492,0.7495,7.228,50.218,49.0,0.452,0.986
2wiki,open_hyde_standard__answer_scrubbed,500,0.996,0.488,0.7465,7.276,,,,
2wiki,open_hyde_standard__gold_content_scrubbed,500,0.972,0.466,0.7125,7.53,,,,
2wiki,open_query2doc_4shot,500,0.994,0.488,0.7505,7.242,33.46,33.0,0.4,0.98
2wiki,open_query2doc_4shot__answer_scrubbed,500,0.994,0.486,0.7465,7.312,,,,
2wiki,open_query2doc_4shot__gold_content_scrubbed,500,0.98,0.466,0.7255,7.414,,,,
