id_sha256,reader,chars,local_em,local_f1,official_em,official_f1,raw_local_em,raw_local_f1,raw_official_em,raw_official_f1
9ae2af9616c778287ca3a67dc9a631538d0783ca5633bc86b99f997548d03a4d,qwen,450,0.0,0.0,0.0,0.0,0.0,0.0,0.0,0.0
a8bd404a0e6ee303bee3832fc337f42347a52eb43a476bc81ce9bf274b87b403,qwen,450,1.0,1.0,1.0,1.0,1.0,1.0,1.0,1.0
b784a72f9251d9b023972710d80f612d7104416b77bab0f7f5ed70f9603bf8d1,qwen,450,0.0,0.0,0.0,0.0,0.0,0.0,0.0,0.0
3ae7cf4fcf0fafc516da5e5a97e5aeaf4434236174b79557aaaea63e1420503d,qwen,450,0.0,0.8,0.0,0.8,0.0,0.8,0.0,0.8
4d609dadd63e25d138fba97871993ef85b859568e06979c9172305214de33bbc,qwen,450,0.0,0.0,0.0,0.0,0.0,0.0,0.0,0.0
7f04d506740c78f679aeb5303a33d44776854de9195c9c5c333d3fed91f44868,qwen,450,0.0,0.0,0.0,0.0,0.0,0.0,0.0,0.0
ed2370ea98b45d6675ae0fd112f3f4883b020ad16a6b6c5fa2ef55149819a6ba,qwen,450,0.0,0.0,0.0,0.0,0.0,0.0,0.0,0.0
2b3bdd1f9c4ed6cc98463e64a8b185eaa183bda1f772cb2b15ad53c99cd20acb,qwen,450,1.0,1.0,1.0,1.0,1.0,1.0,1.0,1.0
bf7b60c349c61da97fe3f18bee966763a4e82fec68226bc87fd29fbe4ff81646,qwen,450,0.0,0.0,0.0,0.0,0.0,0.0,0.0,0.0
037df82ffdf115a8811173db0b802e608b54b4cd8e03f8fd467350023cc9983a,qwen,450,0.0,0.0,0.0,0.0,0.0,0.0,0.0,0.0
8237c28079cb3c8cbb939ac4eb83fb744cedf80bb8570fb83d82a6a22952e924,qwen,450,0.0,0.0,0.0,0.0,0.0,0.0,0.0,0.0
265ceddd8c148b98e4d3e191375b73433aad9639799fe52f116742182de6e573,qwen,450,0.0,0.0,0.0,0.0,0.0,0.0,0.0,0.0
907a9efac05c3af256e4df42444870b8d53eb661359819bee366c3352693da1c,qwen,450,0.0,0.6666666666666666,0.0,0.6666666666666666,0.0,0.6666666666666666,0.0,0.6666666666666666
4479e3a8512066db11e411090c0ea1e7160d6d830b88652804bcc608976959f6,qwen,450,1.0,1.0,1.0,1.0,1.0,1.0,1.0,1.0
1ecf84707e7f896d1e63166424937eb505c9236f78f32977487787c26acb9482,qwen,450,0.0,0.0,0.0,0.0,0.0,0.0,0.0,0.0
9f90213f6f8753fefd19fcc98e9d6451c0be17d1891cc9f424232d8737435b8f,qwen,450,0.0,0.4,0.0,0.4,0.0,0.4,0.0,0.4
d68547480ce9b6b82b501100125121f7dce7abc478c736356fbb5d533dc85087,qwen,450,0.0,0.8,0.0,0.8,0.0,0.8,0.0,0.8
2790e3af47cc68dfa16509927bc2a934cbb6ba372c41f32f259cf526979fd812,qwen,450,1.0,1.0,1.0,1.0,1.0,1.0,1.0,1.0
4260314bc0e86102f5841e037533ebc1d33ed3611108b4a18004a1e654fbe9bd,qwen,450,0.0,0.0,0.0,0.0,0.0,0.0,0.0,0.0
780b9690bc577ebe0574186c2393c97be5319fb8ef4324fb3e2a6547a0ecacc0,qwen,450,0.0,0.0,0.0,0.0,0.0,0.0,0.0,0.0
5e69899dfd97b6a33c55134db302e52e2fba6f52f503f585a140e715d629bf0e,qwen,450,0.0,0.0,0.0,0.0,0.0,0.0,0.0,0.0
d3928990ea5781c0a0a2e15e94c2c332ca8f81af58a4f963bae9104c92f1b399,qwen,450,0.0,0.0,0.0,0.0,0.0,0.0,0.0,0.0
57d77e3795c1f752c5eba5b052b0a04500ea6f856af6c76fe61cada438ce5497,qwen,450,1.0,1.0,1.0,1.0,1.0,1.0,1.0,1.0
71cef227bbc8d0d2a89286e5e7b1c82ae56f6594bf2cc5fe097d656101f899c8,qwen,450,1.0,1.0,1.0,1.0,1.0,1.0,1.0,1.0
76dc978ca497c50f9f9a988c053f35443f83f1520fd271d3a4a0e40f990bb8a1,qwen,450,0.0,0.0,0.0,0.0,0.0,0.0,0.0,0.0
1361e24eb7fc0787a3449733684dfb879fcf6505385ac9be3d71462fa94aebf8,qwen,450,1.0,1.0,1.0,1.0,1.0,1.0,1.0,1.0
83904822bbd7b3bed79d0a643264c8296ad6129cbd9b427ef1fa2273acb9b4b7,qwen,450,1.0,1.0,1.0,1.0,1.0,1.0,1.0,1.0
6e47bc86e8a2e75cde58d144df1e471a74ad45e20dc109411662dfa285e8f22d,qwen,450,0.0,0.0,0.0,0.0,0.0,0.0,0.0,0.0
e534b68449d18c055b1490807df0d871d6e40996985d0fea2b0ea8d9a3a74f6b,qwen,450,0.0,0.0,0.0,0.0,0.0,0.0,0.0,0.0
ecd58c625b78f04438f549717e4b8664bc5cb77050ed1ddbfe2bbabe4b113cde,qwen,450,0.0,0.0,0.0,0.0,0.0,0.0,0.0,0.0
85aeabcf94c0848aba6fc0d48668b0b0c9d74eda2217e7c1ac1e2924e1b187bc,qwen,450,0.0,0.0,0.0,0.0,0.0,0.0,0.0,0.0
644162ad5ad9d91a9de5913e92a14f6a776eec68609619ec133bb0dbc9748d6a,qwen,450,0.0,0.0,0.0,0.0,0.0,0.0,0.0,0.0
a7a42248299b7de2868651ad7a36fcdd2d838d765ed18f191570b46903c57263,qwen,450,0.0,0.5,0.0,0.5,0.0,0.5,0.0,0.5
a3b8e0abe39f034966f168c2f3af7ddf786d3568c1244769329de9642de6dda0,qwen,450,1.0,1.0,1.0,1.0,1.0,1.0,1.0,1.0
f5f3b7726bbfdd3ee9c19e3cb3f60520c7a00e7be4307c7953612d6273fe49fb,qwen,450,0.0,0.8,0.0,0.8,0.0,0.8,0.0,0.8
78000f99b9cdedf639b681d0d091d4cdf73565d44b207e54b983521d4e004a0a,qwen,450,0.0,0.0,0.0,0.0,0.0,0.0,0.0,0.0
95904d067d420b2ff4156a5406afb7ae43dfb0c816f713b5d7fb2703953f2d11,qwen,450,1.0,1.0,1.0,1.0,1.0,1.0,1.0,1.0
4656ee9fa4014e7785c8c7474302d0e4383a358b9572f7c69d289baa24131a19,qwen,450,0.0,0.0,0.0,0.0,0.0,0.0,0.0,0.0
2b9653f27233097ba2f19832f909e1e1e65333dc9e637c3e8c60ab9bb8efbaed,qwen,450,0.0,0.0,0.0,0.0,0.0,0.0,0.0,0.0
d3b4d12bc295dbc639d63bc36f2ac7f13144327c8c0b560eb2000159ae5c64a6,qwen,450,0.0,0.6666666666666666,0.0,0.6666666666666666,0.0,0.6666666666666666,0.0,0.6666666666666666
b19198900b52544f82fbd2ccd84c31514f07c6a29b4febedfbf76dc0e516a9c2,qwen,450,0.0,0.0,0.0,0.0,0.0,0.0,0.0,0.0
46a8f3dd7d2987a8aa2ea238a3785256fba1c42741be5ae52edb815cb93da7bb,qwen,450,0.0,0.0,0.0,0.0,0.0,0.0,0.0,0.0
fefb162b8d86b17891c02e1c4631693542f26261122c5b6c7e40efb014b5ed11,qwen,450,1.0,1.0,1.0,1.0,1.0,1.0,1.0,1.0
4a3417395d0a0abef07bc43d5a086a9f4182fda0c80e51c46a921d0fc8a12f4b,qwen,450,0.0,0.0,0.0,0.0,0.0,0.0,0.0,0.0
d2ab86d7a4a02af1582558b0abda6928f1c3f2b7948e31d1e47a22b77a34c393,qwen,450,0.0,0.0,0.0,0.0,0.0,0.0,0.0,0.0
5d42084b8c3ed8c97a6bda612dce6106ccec2f008c90a5db83169507f544b167,qwen,450,0.0,0.7499999999999999,0.0,0.7499999999999999,0.0,0.7499999999999999,0.0,0.7499999999999999
cb5a41d3c407f926793937b8eb8c1e67a178a5fcad10dc174c799357ea041904,qwen,450,0.0,0.0,0.0,0.0,0.0,0.0,0.0,0.0
7c3692c04a20cf0e94fa208509f000b9e474de3ec0d5317812280022eda5f017,qwen,450,0.0,0.3333333333333333,0.0,0.3333333333333333,0.0,0.3333333333333333,0.0,0.3333333333333333
0ef6dc6b19df08c98b10ddd822086b250afdbffc9394530a765c96650a02e18a,qwen,450,0.0,0.0,0.0,0.0,0.0,0.0,0.0,0.0
e63490acde138f498ecb21611fdae5d645c33dbb59a67a73858fa15050f2335c,qwen,450,0.0,0.0,0.0,0.0,0.0,0.0,0.0,0.0
27cb7ed595c659c5e4c882ce5a6fc8f0ecd57c4d6431c7badb694b7b32d16fd4,qwen,450,0.0,0.0,0.0,0.0,0.0,0.0,0.0,0.0
1f925c89bba9e8384e416a05771384b7c436682d96a5fcd80de5da84859f34f5,qwen,450,1.0,1.0,1.0,1.0,1.0,1.0,1.0,1.0
f439d9d0b179fa0a8b10e693eb371be5a1fe2793507255a2f75a86183abd2707,qwen,450,1.0,1.0,1.0,1.0,1.0,1.0,1.0,1.0
28914fa42a623da81a96be80fc9f5894a4567f65a328ad895a2b2458b3012d76,qwen,450,0.0,0.0,0.0,0.0,0.0,0.0,0.0,0.0
cfe277b217b0248f93c7c49a05a39d7bae7181a0f5901a9460f21453570046f0,qwen,450,1.0,1.0,1.0,1.0,1.0,1.0,1.0,1.0
eafdcb4e892cdd7ac3f661325525d4cbcf2fa910ba73985446ceb20a767c72c6,qwen,450,0.0,0.0,0.0,0.0,0.0,0.0,0.0,0.0
6762734804c7bae1a97f0400d5476c0701bab0aee405f78eb60aa2c04d7a5344,qwen,450,0.0,0.0,0.0,0.0,0.0,0.0,0.0,0.0
5229a284b000cc286bb6683333eb4a8dbf3adf0f9915a0e4a228540979ec6ce5,qwen,450,0.0,0.0,0.0,0.0,0.0,0.0,0.0,0.0
5b13725ae8097cf3b632bc5cb3e3196fb2339c7c6f2237eff6918f98006c3466,qwen,450,0.0,0.0,0.0,0.0,0.0,0.0,0.0,0.0
71c203551e63ea6fdc1a6747a1f0c8aea6cd0f420afc7ed01672ea18fde01461,qwen,450,0.0,0.0,0.0,0.0,0.0,0.0,0.0,0.0
5834b1dac35839c386b52e37e6d9105b7aea979e39374c40c5dda17bab5e7cf1,qwen,450,1.0,1.0,1.0,1.0,1.0,1.0,1.0,1.0
7005fa48473d691f0bf6baf07866ed0ec1773c5c26648cc84dc6098aa028291a,qwen,450,0.0,0.0,0.0,0.0,0.0,0.0,0.0,0.0
cbf778c819c8976abaf59ae0d8292208fc29e699e2e1842270833ffdf99348cb,qwen,450,0.0,0.0,0.0,0.0,0.0,0.0,0.0,0.0
d414dd367538916b6f1f289e5347a5171b9e24622b96f2beaa82a3e4199f7426,qwen,450,1.0,1.0,1.0,1.0,1.0,1.0,1.0,1.0
859508c9475d6c67a0a84a0a64d2f1deafef4734f1541f9928107570dcc2abd0,qwen,450,1.0,1.0,1.0,1.0,1.0,1.0,1.0,1.0
06e5a96ff3c8524685c7343fac6c1d4027f532ee638b594ab2cf796ed3c18020,qwen,450,0.0,0.6666666666666666,0.0,0.6666666666666666,0.0,0.6666666666666666,0.0,0.6666666666666666
5ace0514624c4f3da526879f0c74489a2af77e4738cef714f605acf5f54a9f75,qwen,450,0.0,0.0,0.0,0.0,0.0,0.0,0.0,0.0
448efe5dc834ae3b70513b63646d459fdd1bee11236404799c67359d3e2ca6c4,qwen,450,0.0,0.8,0.0,0.8,0.0,0.8,0.0,0.8
2bd0f091942dfe11c86d6efd19e0864678d9c81b1f9c939d7c0e06c29ef4416d,qwen,450,1.0,1.0,1.0,1.0,1.0,1.0,1.0,1.0
c4d25d7da511ccc3827cb8791b3e8457d8425e79f17bfaded3ff23e0f82f97fd,qwen,450,0.0,0.0,0.0,0.0,0.0,0.0,0.0,0.0
2ac35ba8714f1c1f137fad6c130272a4b9852015c39f612b10d1a38472037254,qwen,450,0.0,0.0,0.0,0.0,0.0,0.0,0.0,0.0
1654bdd612cdace0d81ec9c5d9b30c2f72297febcf98dfa4a8c2ad2795203c9f,qwen,450,1.0,1.0,1.0,1.0,1.0,1.0,1.0,1.0
acad337782b7a18541d8d0701f4067b55de135fb97394b49077df2816e0c09f0,qwen,450,0.0,0.0,0.0,0.0,0.0,0.0,0.0,0.0
8bb66b2662cf87c3741b1f33ede5c7c68b36de5d3e005bc81d21b35ee2c8bfff,qwen,450,0.0,0.3333333333333333,0.0,0.3333333333333333,0.0,0.3333333333333333,0.0,0.3333333333333333
603e969e54a377a2e35e465136f1422f4be3622260219a968200b7778b37770f,qwen,450,0.0,0.0,0.0,0.0,0.0,0.0,0.0,0.0
a24b43b948083036dd8c0f31a1e6a5579d247216f8ab23c1b2fd86252985d7e1,qwen,450,0.0,0.0,0.0,0.0,0.0,0.0,0.0,0.0
c1b91d348784ad0994bf87f590289d960498caf5b3785d864fd5af2111a4eb0e,qwen,450,1.0,1.0,1.0,1.0,1.0,1.0,1.0,1.0
8346dc154a6616ec4b07129f2a306904ecad3bfc43c2929a189cf79590c44b8e,qwen,450,0.0,0.0,0.0,0.0,0.0,0.0,0.0,0.0
7dd50848a36db232abd3b596e503072f5f09f71bbb14cf8944ea5d8db4047e65,qwen,450,1.0,1.0,1.0,1.0,1.0,1.0,1.0,1.0
3e6319a947e4ecc91070dde9d48eba7378219265d0e3c99b7e06b7518d9943d5,qwen,450,1.0,1.0,1.0,1.0,1.0,1.0,1.0,1.0
dda61ce6ae340eee656a539f15334a4bf2649f82d057d4ce41c2391d145331ac,qwen,450,1.0,1.0,1.0,1.0,1.0,1.0,1.0,1.0
2410f2bb4b09d2965d8b18fa5763e89957338e6ec5e043fd1863783921a8a544,qwen,450,0.0,0.0,0.0,0.0,0.0,0.0,0.0,0.0
8ee4384439a2d97dfd4b227ab3def54dc2ad933b91325c135b8d95e58a1d0a16,qwen,450,1.0,1.0,1.0,1.0,1.0,1.0,1.0,1.0
c43c0c60f989c0ad5f2a1197301d7f30836b213f211ef1a6e2619bb5e4e5fa89,qwen,450,0.0,0.0,0.0,0.0,0.0,0.0,0.0,0.0
bf6352c279a871ee8be4b78dcce1d053fcbff4f80b731912be601623459009b2,qwen,450,0.0,0.0,0.0,0.0,0.0,0.0,0.0,0.0
2c0c706c4ee3de1ea180a6feefbc53837ea63bb23e0d14fdfc33f439166e78bd,qwen,450,1.0,1.0,1.0,1.0,1.0,1.0,1.0,1.0
da6c970dd1c9ed8b4be5b70fdd448080000e0004be8f6e79e2b09c770bfec21b,qwen,450,0.0,0.0,0.0,0.0,0.0,0.0,0.0,0.0
e846a94b7306d0f596b0daf3cb21b5dd6ef849416f6a15673d70156aa898b385,qwen,450,1.0,1.0,1.0,1.0,1.0,1.0,1.0,1.0
f8dda8b9cd45f4c4caff8ea6957caa997abcfbdb5fc4afd9cedca4bdbe1ce571,qwen,450,0.0,0.5,0.0,0.5,0.0,0.5,0.0,0.5
6ec9e14c7df7dbdb2e3f04ee4c9d43769095b00512eb15be2e8126363c60f301,qwen,450,0.0,0.0,0.0,0.0,0.0,0.0,0.0,0.0
4b5d44fa9a65815b6898c4db6729e63e3496d4b709f918653e6dc4fc8d7ea9ca,qwen,450,0.0,0.0,0.0,0.0,0.0,0.0,0.0,0.0
2ff4b456463179aed06ea715863ffd8caf6b27a5d9593b6ef2030edd8bbb5411,qwen,450,0.0,0.0,0.0,0.0,0.0,0.0,0.0,0.0
b2308913fa33840ca2279c27622a2c78c693299526f7acdb5adfff40b8d0ce87,qwen,450,0.0,0.0,0.0,0.0,0.0,0.0,0.0,0.0
bbd5d6dc6ac4be853590f85efa699695a043bfed8495f9ef80fc7b17a01ac318,qwen,450,1.0,1.0,1.0,1.0,1.0,1.0,1.0,1.0
5ed0c60909b82e67c21a438695f8c8dc5f375c90ff86cf73d77856bdb87e9287,qwen,450,1.0,1.0,1.0,1.0,1.0,1.0,1.0,1.0
e383345df6342128db3bda92975d510cf9664fcbaf3b862701c637e48d585b46,qwen,450,0.0,0.5,0.0,0.5,0.0,0.5,0.0,0.5
78aa80801799bdd37e5848f21d2bd2a52d933ab7444fc22dd6ce15b4a29802d2,qwen,450,0.0,0.0,0.0,0.0,0.0,0.0,0.0,0.0
d19877a978dce890750d9005972b3e227862c589a9d788792cc2759e4c1a084e,qwen,450,0.0,0.0,0.0,0.0,0.0,0.0,0.0,0.0
e8303419f48402584d1a11320e8517924b818b80983793594720d8632c30369d,qwen,450,0.0,0.0,0.0,0.0,0.0,0.0,0.0,0.0
622c1833dd4c673292b0f512dcf1c4e3ee9a09d327e0ba89b13f7222164b5495,qwen,450,1.0,1.0,1.0,1.0,1.0,1.0,1.0,1.0
9ae2af9616c778287ca3a67dc9a631538d0783ca5633bc86b99f997548d03a4d,qwen,900,0.0,0.0,0.0,0.0,0.0,0.0,0.0,0.0
a8bd404a0e6ee303bee3832fc337f42347a52eb43a476bc81ce9bf274b87b403,qwen,900,1.0,1.0,1.0,1.0,1.0,1.0,1.0,1.0
b784a72f9251d9b023972710d80f612d7104416b77bab0f7f5ed70f9603bf8d1,qwen,900,0.0,0.0,0.0,0.0,0.0,0.0,0.0,0.0
3ae7cf4fcf0fafc516da5e5a97e5aeaf4434236174b79557aaaea63e1420503d,qwen,900,0.0,0.8,0.0,0.8,0.0,0.8,0.0,0.8
4d609dadd63e25d138fba97871993ef85b859568e06979c9172305214de33bbc,qwen,900,0.0,0.0,0.0,0.0,0.0,0.0,0.0,0.0
7f04d506740c78f679aeb5303a33d44776854de9195c9c5c333d3fed91f44868,qwen,900,0.0,0.0,0.0,0.0,0.0,0.0,0.0,0.0
ed2370ea98b45d6675ae0fd112f3f4883b020ad16a6b6c5fa2ef55149819a6ba,qwen,900,0.0,0.0,0.0,0.0,0.0,0.0,0.0,0.0
2b3bdd1f9c4ed6cc98463e64a8b185eaa183bda1f772cb2b15ad53c99cd20acb,qwen,900,0.0,0.0,0.0,0.0,0.0,0.0,0.0,0.0
bf7b60c349c61da97fe3f18bee966763a4e82fec68226bc87fd29fbe4ff81646,qwen,900,0.0,0.9090909090909091,0.0,0.9090909090909091,0.0,0.9090909090909091,0.0,0.9090909090909091
037df82ffdf115a8811173db0b802e608b54b4cd8e03f8fd467350023cc9983a,qwen,900,0.0,0.0,0.0,0.0,0.0,0.0,0.0,0.0
8237c28079cb3c8cbb939ac4eb83fb744cedf80bb8570fb83d82a6a22952e924,qwen,900,0.0,0.0,0.0,0.0,0.0,0.0,0.0,0.0
265ceddd8c148b98e4d3e191375b73433aad9639799fe52f116742182de6e573,qwen,900,0.0,0.0,0.0,0.0,0.0,0.0,0.0,0.0
907a9efac05c3af256e4df42444870b8d53eb661359819bee366c3352693da1c,qwen,900,0.0,0.6666666666666666,0.0,0.6666666666666666,0.0,0.6666666666666666,0.0,0.6666666666666666
4479e3a8512066db11e411090c0ea1e7160d6d830b88652804bcc608976959f6,qwen,900,1.0,1.0,1.0,1.0,1.0,1.0,1.0,1.0
1ecf84707e7f896d1e63166424937eb505c9236f78f32977487787c26acb9482,qwen,900,1.0,1.0,1.0,1.0,1.0,1.0,1.0,1.0
9f90213f6f8753fefd19fcc98e9d6451c0be17d1891cc9f424232d8737435b8f,qwen,900,0.0,0.4,0.0,0.4,0.0,0.4,0.0,0.4
d68547480ce9b6b82b501100125121f7dce7abc478c736356fbb5d533dc85087,qwen,900,0.0,0.8,0.0,0.8,0.0,0.8,0.0,0.8
2790e3af47cc68dfa16509927bc2a934cbb6ba372c41f32f259cf526979fd812,qwen,900,1.0,1.0,1.0,1.0,1.0,1.0,1.0,1.0
4260314bc0e86102f5841e037533ebc1d33ed3611108b4a18004a1e654fbe9bd,qwen,900,0.0,0.0,0.0,0.0,0.0,0.0,0.0,0.0
780b9690bc577ebe0574186c2393c97be5319fb8ef4324fb3e2a6547a0ecacc0,qwen,900,0.0,0.0,0.0,0.0,0.0,0.0,0.0,0.0
5e69899dfd97b6a33c55134db302e52e2fba6f52f503f585a140e715d629bf0e,qwen,900,0.0,0.0,0.0,0.0,0.0,0.0,0.0,0.0
d3928990ea5781c0a0a2e15e94c2c332ca8f81af58a4f963bae9104c92f1b399,qwen,900,0.0,0.0,0.0,0.0,0.0,0.0,0.0,0.0
57d77e3795c1f752c5eba5b052b0a04500ea6f856af6c76fe61cada438ce5497,qwen,900,1.0,1.0,1.0,1.0,1.0,1.0,1.0,1.0
71cef227bbc8d0d2a89286e5e7b1c82ae56f6594bf2cc5fe097d656101f899c8,qwen,900,1.0,1.0,1.0,1.0,1.0,1.0,1.0,1.0
76dc978ca497c50f9f9a988c053f35443f83f1520fd271d3a4a0e40f990bb8a1,qwen,900,0.0,0.0,0.0,0.0,0.0,0.0,0.0,0.0
1361e24eb7fc0787a3449733684dfb879fcf6505385ac9be3d71462fa94aebf8,qwen,900,1.0,1.0,1.0,1.0,1.0,1.0,1.0,1.0
83904822bbd7b3bed79d0a643264c8296ad6129cbd9b427ef1fa2273acb9b4b7,qwen,900,1.0,1.0,1.0,1.0,1.0,1.0,1.0,1.0
6e47bc86e8a2e75cde58d144df1e471a74ad45e20dc109411662dfa285e8f22d,qwen,900,0.0,0.0,0.0,0.0,0.0,0.0,0.0,0.0
e534b68449d18c055b1490807df0d871d6e40996985d0fea2b0ea8d9a3a74f6b,qwen,900,0.0,0.0,0.0,0.0,0.0,0.0,0.0,0.0
ecd58c625b78f04438f549717e4b8664bc5cb77050ed1ddbfe2bbabe4b113cde,qwen,900,0.0,0.0,0.0,0.0,0.0,0.0,0.0,0.0
85aeabcf94c0848aba6fc0d48668b0b0c9d74eda2217e7c1ac1e2924e1b187bc,qwen,900,0.0,0.0,0.0,0.0,0.0,0.0,0.0,0.0
644162ad5ad9d91a9de5913e92a14f6a776eec68609619ec133bb0dbc9748d6a,qwen,900,0.0,0.0,0.0,0.0,0.0,0.0,0.0,0.0
a7a42248299b7de2868651ad7a36fcdd2d838d765ed18f191570b46903c57263,qwen,900,0.0,0.5,0.0,0.5,0.0,0.5,0.0,0.5
a3b8e0abe39f034966f168c2f3af7ddf786d3568c1244769329de9642de6dda0,qwen,900,1.0,1.0,1.0,1.0,1.0,1.0,1.0,1.0
f5f3b7726bbfdd3ee9c19e3cb3f60520c7a00e7be4307c7953612d6273fe49fb,qwen,900,0.0,0.8,0.0,0.8,0.0,0.8,0.0,0.8
78000f99b9cdedf639b681d0d091d4cdf73565d44b207e54b983521d4e004a0a,qwen,900,1.0,1.0,1.0,1.0,1.0,1.0,1.0,1.0
95904d067d420b2ff4156a5406afb7ae43dfb0c816f713b5d7fb2703953f2d11,qwen,900,0.0,0.0,0.0,0.0,0.0,0.0,0.0,0.0
4656ee9fa4014e7785c8c7474302d0e4383a358b9572f7c69d289baa24131a19,qwen,900,0.0,0.0,0.0,0.0,0.0,0.0,0.0,0.0
2b9653f27233097ba2f19832f909e1e1e65333dc9e637c3e8c60ab9bb8efbaed,qwen,900,0.0,0.0,0.0,0.0,0.0,0.0,0.0,0.0
d3b4d12bc295dbc639d63bc36f2ac7f13144327c8c0b560eb2000159ae5c64a6,qwen,900,0.0,0.6666666666666666,0.0,0.6666666666666666,0.0,0.6666666666666666,0.0,0.6666666666666666
b19198900b52544f82fbd2ccd84c31514f07c6a29b4febedfbf76dc0e516a9c2,qwen,900,0.0,0.0,0.0,0.0,0.0,0.0,0.0,0.0
46a8f3dd7d2987a8aa2ea238a3785256fba1c42741be5ae52edb815cb93da7bb,qwen,900,0.0,0.0,0.0,0.0,0.0,0.0,0.0,0.0
fefb162b8d86b17891c02e1c4631693542f26261122c5b6c7e40efb014b5ed11,qwen,900,0.0,0.5714285714285715,0.0,0.5714285714285715,0.0,0.5714285714285715,0.0,0.5714285714285715
4a3417395d0a0abef07bc43d5a086a9f4182fda0c80e51c46a921d0fc8a12f4b,qwen,900,0.0,0.0,0.0,0.0,0.0,0.0,0.0,0.0
d2ab86d7a4a02af1582558b0abda6928f1c3f2b7948e31d1e47a22b77a34c393,qwen,900,0.0,0.0,0.0,0.0,0.0,0.0,0.0,0.0
5d42084b8c3ed8c97a6bda612dce6106ccec2f008c90a5db83169507f544b167,qwen,900,0.0,0.7499999999999999,0.0,0.7499999999999999,0.0,0.7499999999999999,0.0,0.7499999999999999
cb5a41d3c407f926793937b8eb8c1e67a178a5fcad10dc174c799357ea041904,qwen,900,0.0,0.0,0.0,0.0,0.0,0.0,0.0,0.0
7c3692c04a20cf0e94fa208509f000b9e474de3ec0d5317812280022eda5f017,qwen,900,0.0,0.3333333333333333,0.0,0.3333333333333333,0.0,0.3333333333333333,0.0,0.3333333333333333
0ef6dc6b19df08c98b10ddd822086b250afdbffc9394530a765c96650a02e18a,qwen,900,0.0,0.3333333333333333,0.0,0.3333333333333333,0.0,0.3333333333333333,0.0,0.3333333333333333
e63490acde138f498ecb21611fdae5d645c33dbb59a67a73858fa15050f2335c,qwen,900,0.0,0.0,0.0,0.0,0.0,0.0,0.0,0.0
27cb7ed595c659c5e4c882ce5a6fc8f0ecd57c4d6431c7badb694b7b32d16fd4,qwen,900,0.0,0.0,0.0,0.0,0.0,0.0,0.0,0.0
1f925c89bba9e8384e416a05771384b7c436682d96a5fcd80de5da84859f34f5,qwen,900,1.0,1.0,1.0,1.0,1.0,1.0,1.0,1.0
f439d9d0b179fa0a8b10e693eb371be5a1fe2793507255a2f75a86183abd2707,qwen,900,1.0,1.0,1.0,1.0,1.0,1.0,1.0,1.0
28914fa42a623da81a96be80fc9f5894a4567f65a328ad895a2b2458b3012d76,qwen,900,0.0,0.0,0.0,0.0,0.0,0.0,0.0,0.0
cfe277b217b0248f93c7c49a05a39d7bae7181a0f5901a9460f21453570046f0,qwen,900,1.0,1.0,1.0,1.0,1.0,1.0,1.0,1.0
eafdcb4e892cdd7ac3f661325525d4cbcf2fa910ba73985446ceb20a767c72c6,qwen,900,0.0,0.0,0.0,0.0,0.0,0.0,0.0,0.0
6762734804c7bae1a97f0400d5476c0701bab0aee405f78eb60aa2c04d7a5344,qwen,900,0.0,0.0,0.0,0.0,0.0,0.0,0.0,0.0
5229a284b000cc286bb6683333eb4a8dbf3adf0f9915a0e4a228540979ec6ce5,qwen,900,0.0,0.0,0.0,0.0,0.0,0.0,0.0,0.0
5b13725ae8097cf3b632bc5cb3e3196fb2339c7c6f2237eff6918f98006c3466,qwen,900,0.0,0.0,0.0,0.0,0.0,0.0,0.0,0.0
71c203551e63ea6fdc1a6747a1f0c8aea6cd0f420afc7ed01672ea18fde01461,qwen,900,0.0,0.0,0.0,0.0,0.0,0.0,0.0,0.0
5834b1dac35839c386b52e37e6d9105b7aea979e39374c40c5dda17bab5e7cf1,qwen,900,1.0,1.0,1.0,1.0,1.0,1.0,1.0,1.0
7005fa48473d691f0bf6baf07866ed0ec1773c5c26648cc84dc6098aa028291a,qwen,900,0.0,0.0,0.0,0.0,0.0,0.0,0.0,0.0
cbf778c819c8976abaf59ae0d8292208fc29e699e2e1842270833ffdf99348cb,qwen,900,0.0,0.0,0.0,0.0,0.0,0.0,0.0,0.0
d414dd367538916b6f1f289e5347a5171b9e24622b96f2beaa82a3e4199f7426,qwen,900,1.0,1.0,1.0,1.0,1.0,1.0,1.0,1.0
859508c9475d6c67a0a84a0a64d2f1deafef4734f1541f9928107570dcc2abd0,qwen,900,1.0,1.0,1.0,1.0,1.0,1.0,1.0,1.0
06e5a96ff3c8524685c7343fac6c1d4027f532ee638b594ab2cf796ed3c18020,qwen,900,0.0,0.6666666666666666,0.0,0.6666666666666666,0.0,0.6666666666666666,0.0,0.6666666666666666
5ace0514624c4f3da526879f0c74489a2af77e4738cef714f605acf5f54a9f75,qwen,900,0.0,0.0,0.0,0.0,0.0,0.0,0.0,0.0
448efe5dc834ae3b70513b63646d459fdd1bee11236404799c67359d3e2ca6c4,qwen,900,0.0,0.8,0.0,0.8,0.0,0.8,0.0,0.8
2bd0f091942dfe11c86d6efd19e0864678d9c81b1f9c939d7c0e06c29ef4416d,qwen,900,1.0,1.0,1.0,1.0,1.0,1.0,1.0,1.0
c4d25d7da511ccc3827cb8791b3e8457d8425e79f17bfaded3ff23e0f82f97fd,qwen,900,1.0,1.0,1.0,1.0,1.0,1.0,1.0,1.0
2ac35ba8714f1c1f137fad6c130272a4b9852015c39f612b10d1a38472037254,qwen,900,0.0,0.0,0.0,0.0,0.0,0.0,0.0,0.0
1654bdd612cdace0d81ec9c5d9b30c2f72297febcf98dfa4a8c2ad2795203c9f,qwen,900,1.0,1.0,1.0,1.0,1.0,1.0,1.0,1.0
acad337782b7a18541d8d0701f4067b55de135fb97394b49077df2816e0c09f0,qwen,900,0.0,0.0,0.0,0.0,0.0,0.0,0.0,0.0
8bb66b2662cf87c3741b1f33ede5c7c68b36de5d3e005bc81d21b35ee2c8bfff,qwen,900,0.0,0.0,0.0,0.0,0.0,0.0,0.0,0.0
603e969e54a377a2e35e465136f1422f4be3622260219a968200b7778b37770f,qwen,900,0.0,0.0,0.0,0.0,0.0,0.0,0.0,0.0
a24b43b948083036dd8c0f31a1e6a5579d247216f8ab23c1b2fd86252985d7e1,qwen,900,0.0,0.0,0.0,0.0,0.0,0.0,0.0,0.0
c1b91d348784ad0994bf87f590289d960498caf5b3785d864fd5af2111a4eb0e,qwen,900,1.0,1.0,1.0,1.0,1.0,1.0,1.0,1.0
8346dc154a6616ec4b07129f2a306904ecad3bfc43c2929a189cf79590c44b8e,qwen,900,0.0,0.0,0.0,0.0,0.0,0.0,0.0,0.0
7dd50848a36db232abd3b596e503072f5f09f71bbb14cf8944ea5d8db4047e65,qwen,900,1.0,1.0,1.0,1.0,1.0,1.0,1.0,1.0
3e6319a947e4ecc91070dde9d48eba7378219265d0e3c99b7e06b7518d9943d5,qwen,900,1.0,1.0,1.0,1.0,1.0,1.0,1.0,1.0
dda61ce6ae340eee656a539f15334a4bf2649f82d057d4ce41c2391d145331ac,qwen,900,1.0,1.0,1.0,1.0,1.0,1.0,1.0,1.0
2410f2bb4b09d2965d8b18fa5763e89957338e6ec5e043fd1863783921a8a544,qwen,900,0.0,0.0,0.0,0.0,0.0,0.0,0.0,0.0
8ee4384439a2d97dfd4b227ab3def54dc2ad933b91325c135b8d95e58a1d0a16,qwen,900,1.0,1.0,1.0,1.0,1.0,1.0,1.0,1.0
c43c0c60f989c0ad5f2a1197301d7f30836b213f211ef1a6e2619bb5e4e5fa89,qwen,900,0.0,0.0,0.0,0.0,0.0,0.0,0.0,0.0
bf6352c279a871ee8be4b78dcce1d053fcbff4f80b731912be601623459009b2,qwen,900,0.0,0.0,0.0,0.0,0.0,0.0,0.0,0.0
2c0c706c4ee3de1ea180a6feefbc53837ea63bb23e0d14fdfc33f439166e78bd,qwen,900,1.0,1.0,1.0,1.0,1.0,1.0,1.0,1.0
da6c970dd1c9ed8b4be5b70fdd448080000e0004be8f6e79e2b09c770bfec21b,qwen,900,0.0,0.0,0.0,0.0,0.0,0.0,0.0,0.0
e846a94b7306d0f596b0daf3cb21b5dd6ef849416f6a15673d70156aa898b385,qwen,900,1.0,1.0,1.0,1.0,1.0,1.0,1.0,1.0
f8dda8b9cd45f4c4caff8ea6957caa997abcfbdb5fc4afd9cedca4bdbe1ce571,qwen,900,0.0,0.4,0.0,0.4,0.0,0.4,0.0,0.4
6ec9e14c7df7dbdb2e3f04ee4c9d43769095b00512eb15be2e8126363c60f301,qwen,900,0.0,0.0,0.0,0.0,0.0,0.0,0.0,0.0
4b5d44fa9a65815b6898c4db6729e63e3496d4b709f918653e6dc4fc8d7ea9ca,qwen,900,0.0,0.0,0.0,0.0,0.0,0.0,0.0,0.0
2ff4b456463179aed06ea715863ffd8caf6b27a5d9593b6ef2030edd8bbb5411,qwen,900,0.0,0.0,0.0,0.0,0.0,0.0,0.0,0.0
b2308913fa33840ca2279c27622a2c78c693299526f7acdb5adfff40b8d0ce87,qwen,900,0.0,0.0,0.0,0.0,0.0,0.0,0.0,0.0
bbd5d6dc6ac4be853590f85efa699695a043bfed8495f9ef80fc7b17a01ac318,qwen,900,1.0,1.0,1.0,1.0,1.0,1.0,1.0,1.0
5ed0c60909b82e67c21a438695f8c8dc5f375c90ff86cf73d77856bdb87e9287,qwen,900,1.0,1.0,1.0,1.0,1.0,1.0,1.0,1.0
e383345df6342128db3bda92975d510cf9664fcbaf3b862701c637e48d585b46,qwen,900,0.0,0.5,0.0,0.5,0.0,0.5,0.0,0.5
78aa80801799bdd37e5848f21d2bd2a52d933ab7444fc22dd6ce15b4a29802d2,qwen,900,0.0,0.0,0.0,0.0,0.0,0.0,0.0,0.0
d19877a978dce890750d9005972b3e227862c589a9d788792cc2759e4c1a084e,qwen,900,0.0,0.0,0.0,0.0,0.0,0.0,0.0,0.0
e8303419f48402584d1a11320e8517924b818b80983793594720d8632c30369d,qwen,900,0.0,0.0,0.0,0.0,0.0,0.0,0.0,0.0
622c1833dd4c673292b0f512dcf1c4e3ee9a09d327e0ba89b13f7222164b5495,qwen,900,1.0,1.0,1.0,1.0,1.0,1.0,1.0,1.0
9ae2af9616c778287ca3a67dc9a631538d0783ca5633bc86b99f997548d03a4d,mistral,450,0.0,0.0,0.0,0.0,0.0,0.0,0.0,0.0
a8bd404a0e6ee303bee3832fc337f42347a52eb43a476bc81ce9bf274b87b403,mistral,450,0.0,0.888888888888889,0.0,0.888888888888889,0.0,0.888888888888889,0.0,0.888888888888889
b784a72f9251d9b023972710d80f612d7104416b77bab0f7f5ed70f9603bf8d1,mistral,450,0.0,0.125,0.0,0.125,0.0,0.125,0.0,0.125
3ae7cf4fcf0fafc516da5e5a97e5aeaf4434236174b79557aaaea63e1420503d,mistral,450,0.0,0.8,0.0,0.8,0.0,0.8,0.0,0.8
4d609dadd63e25d138fba97871993ef85b859568e06979c9172305214de33bbc,mistral,450,0.0,0.0,0.0,0.0,0.0,0.0,0.0,0.0
7f04d506740c78f679aeb5303a33d44776854de9195c9c5c333d3fed91f44868,mistral,450,0.0,0.6666666666666666,0.0,0.6666666666666666,0.0,0.6666666666666666,0.0,0.6666666666666666
ed2370ea98b45d6675ae0fd112f3f4883b020ad16a6b6c5fa2ef55149819a6ba,mistral,450,0.0,0.0,0.0,0.0,0.0,0.0,0.0,0.0
2b3bdd1f9c4ed6cc98463e64a8b185eaa183bda1f772cb2b15ad53c99cd20acb,mistral,450,0.0,0.0,0.0,0.0,0.0,0.0,0.0,0.0
bf7b60c349c61da97fe3f18bee966763a4e82fec68226bc87fd29fbe4ff81646,mistral,450,0.0,0.8000000000000002,0.0,0.8000000000000002,0.0,0.8000000000000002,0.0,0.8000000000000002
037df82ffdf115a8811173db0b802e608b54b4cd8e03f8fd467350023cc9983a,mistral,450,0.0,0.11764705882352941,0.0,0.0,0.0,0.11764705882352941,0.0,0.0
8237c28079cb3c8cbb939ac4eb83fb744cedf80bb8570fb83d82a6a22952e924,mistral,450,0.0,0.0,0.0,0.0,0.0,0.0,0.0,0.0
265ceddd8c148b98e4d3e191375b73433aad9639799fe52f116742182de6e573,mistral,450,0.0,0.0,0.0,0.0,0.0,0.0,0.0,0.0
907a9efac05c3af256e4df42444870b8d53eb661359819bee366c3352693da1c,mistral,450,0.0,0.6666666666666666,0.0,0.6666666666666666,0.0,0.6666666666666666,0.0,0.6666666666666666
4479e3a8512066db11e411090c0ea1e7160d6d830b88652804bcc608976959f6,mistral,450,1.0,1.0,1.0,1.0,1.0,1.0,1.0,1.0
1ecf84707e7f896d1e63166424937eb505c9236f78f32977487787c26acb9482,mistral,450,1.0,1.0,1.0,1.0,1.0,1.0,1.0,1.0
9f90213f6f8753fefd19fcc98e9d6451c0be17d1891cc9f424232d8737435b8f,mistral,450,0.0,0.4,0.0,0.4,0.0,0.4,0.0,0.4
d68547480ce9b6b82b501100125121f7dce7abc478c736356fbb5d533dc85087,mistral,450,0.0,0.8,0.0,0.8,0.0,0.8,0.0,0.8
2790e3af47cc68dfa16509927bc2a934cbb6ba372c41f32f259cf526979fd812,mistral,450,0.0,0.4,0.0,0.0,0.0,0.4,0.0,0.0
4260314bc0e86102f5841e037533ebc1d33ed3611108b4a18004a1e654fbe9bd,mistral,450,0.0,0.33333333333333337,0.0,0.33333333333333337,0.0,0.33333333333333337,0.0,0.33333333333333337
780b9690bc577ebe0574186c2393c97be5319fb8ef4324fb3e2a6547a0ecacc0,mistral,450,1.0,1.0,1.0,1.0,1.0,1.0,1.0,1.0
5e69899dfd97b6a33c55134db302e52e2fba6f52f503f585a140e715d629bf0e,mistral,450,0.0,0.0,0.0,0.0,0.0,0.0,0.0,0.0
d3928990ea5781c0a0a2e15e94c2c332ca8f81af58a4f963bae9104c92f1b399,mistral,450,0.0,0.0,0.0,0.0,0.0,0.0,0.0,0.0
57d77e3795c1f752c5eba5b052b0a04500ea6f856af6c76fe61cada438ce5497,mistral,450,1.0,1.0,1.0,1.0,1.0,1.0,1.0,1.0
71cef227bbc8d0d2a89286e5e7b1c82ae56f6594bf2cc5fe097d656101f899c8,mistral,450,1.0,1.0,1.0,1.0,1.0,1.0,1.0,1.0
76dc978ca497c50f9f9a988c053f35443f83f1520fd271d3a4a0e40f990bb8a1,mistral,450,0.0,0.0,0.0,0.0,0.0,0.0,0.0,0.0
1361e24eb7fc0787a3449733684dfb879fcf6505385ac9be3d71462fa94aebf8,mistral,450,1.0,1.0,1.0,1.0,1.0,1.0,1.0,1.0
83904822bbd7b3bed79d0a643264c8296ad6129cbd9b427ef1fa2273acb9b4b7,mistral,450,0.0,0.0,0.0,0.0,0.0,0.0,0.0,0.0
6e47bc86e8a2e75cde58d144df1e471a74ad45e20dc109411662dfa285e8f22d,mistral,450,0.0,0.4444444444444444,0.0,0.4444444444444444,0.0,0.4444444444444444,0.0,0.4444444444444444
e534b68449d18c055b1490807df0d871d6e40996985d0fea2b0ea8d9a3a74f6b,mistral,450,0.0,0.0,0.0,0.0,0.0,0.0,0.0,0.0
ecd58c625b78f04438f549717e4b8664bc5cb77050ed1ddbfe2bbabe4b113cde,mistral,450,0.0,0.0,0.0,0.0,0.0,0.0,0.0,0.0
85aeabcf94c0848aba6fc0d48668b0b0c9d74eda2217e7c1ac1e2924e1b187bc,mistral,450,0.0,0.0,0.0,0.0,0.0,0.0,0.0,0.0
644162ad5ad9d91a9de5913e92a14f6a776eec68609619ec133bb0dbc9748d6a,mistral,450,0.0,0.0,0.0,0.0,0.0,0.0,0.0,0.0
a7a42248299b7de2868651ad7a36fcdd2d838d765ed18f191570b46903c57263,mistral,450,0.0,0.5,0.0,0.5,0.0,0.5,0.0,0.5
a3b8e0abe39f034966f168c2f3af7ddf786d3568c1244769329de9642de6dda0,mistral,450,1.0,1.0,1.0,1.0,1.0,1.0,1.0,1.0
f5f3b7726bbfdd3ee9c19e3cb3f60520c7a00e7be4307c7953612d6273fe49fb,mistral,450,0.0,0.5714285714285715,0.0,0.5714285714285715,0.0,0.5714285714285715,0.0,0.5714285714285715
78000f99b9cdedf639b681d0d091d4cdf73565d44b207e54b983521d4e004a0a,mistral,450,0.0,0.0,0.0,0.0,0.0,0.0,0.0,0.0
95904d067d420b2ff4156a5406afb7ae43dfb0c816f713b5d7fb2703953f2d11,mistral,450,0.0,0.0,0.0,0.0,0.0,0.0,0.0,0.0
4656ee9fa4014e7785c8c7474302d0e4383a358b9572f7c69d289baa24131a19,mistral,450,0.0,0.0,0.0,0.0,0.0,0.0,0.0,0.0
2b9653f27233097ba2f19832f909e1e1e65333dc9e637c3e8c60ab9bb8efbaed,mistral,450,1.0,1.0,1.0,1.0,1.0,1.0,1.0,1.0
d3b4d12bc295dbc639d63bc36f2ac7f13144327c8c0b560eb2000159ae5c64a6,mistral,450,0.0,0.6666666666666666,0.0,0.6666666666666666,0.0,0.6666666666666666,0.0,0.6666666666666666
b19198900b52544f82fbd2ccd84c31514f07c6a29b4febedfbf76dc0e516a9c2,mistral,450,0.0,0.0,0.0,0.0,0.0,0.0,0.0,0.0
46a8f3dd7d2987a8aa2ea238a3785256fba1c42741be5ae52edb815cb93da7bb,mistral,450,0.0,0.1739130434782609,0.0,0.1739130434782609,0.0,0.1739130434782609,0.0,0.1739130434782609
fefb162b8d86b17891c02e1c4631693542f26261122c5b6c7e40efb014b5ed11,mistral,450,1.0,1.0,1.0,1.0,1.0,1.0,1.0,1.0
4a3417395d0a0abef07bc43d5a086a9f4182fda0c80e51c46a921d0fc8a12f4b,mistral,450,0.0,0.3333333333333333,0.0,0.3333333333333333,0.0,0.3333333333333333,0.0,0.3333333333333333
d2ab86d7a4a02af1582558b0abda6928f1c3f2b7948e31d1e47a22b77a34c393,mistral,450,0.0,0.0,0.0,0.0,0.0,0.0,0.0,0.0
5d42084b8c3ed8c97a6bda612dce6106ccec2f008c90a5db83169507f544b167,mistral,450,0.0,0.0,0.0,0.0,0.0,0.0,0.0,0.0
cb5a41d3c407f926793937b8eb8c1e67a178a5fcad10dc174c799357ea041904,mistral,450,0.0,0.5714285714285715,0.0,0.5714285714285715,0.0,0.5714285714285715,0.0,0.5714285714285715
7c3692c04a20cf0e94fa208509f000b9e474de3ec0d5317812280022eda5f017,mistral,450,0.0,0.3333333333333333,0.0,0.3333333333333333,0.0,0.3333333333333333,0.0,0.3333333333333333
0ef6dc6b19df08c98b10ddd822086b250afdbffc9394530a765c96650a02e18a,mistral,450,0.0,0.0,0.0,0.0,0.0,0.0,0.0,0.0
e63490acde138f498ecb21611fdae5d645c33dbb59a67a73858fa15050f2335c,mistral,450,0.0,0.5454545454545454,0.0,0.5454545454545454,0.0,0.5454545454545454,0.0,0.5454545454545454
27cb7ed595c659c5e4c882ce5a6fc8f0ecd57c4d6431c7badb694b7b32d16fd4,mistral,450,0.0,0.0,0.0,0.0,0.0,0.0,0.0,0.0
1f925c89bba9e8384e416a05771384b7c436682d96a5fcd80de5da84859f34f5,mistral,450,1.0,1.0,1.0,1.0,1.0,1.0,1.0,1.0
f439d9d0b179fa0a8b10e693eb371be5a1fe2793507255a2f75a86183abd2707,mistral,450,1.0,1.0,1.0,1.0,1.0,1.0,1.0,1.0
28914fa42a623da81a96be80fc9f5894a4567f65a328ad895a2b2458b3012d76,mistral,450,0.0,0.0,0.0,0.0,0.0,0.0,0.0,0.0
cfe277b217b0248f93c7c49a05a39d7bae7181a0f5901a9460f21453570046f0,mistral,450,1.0,1.0,1.0,1.0,1.0,1.0,1.0,1.0
eafdcb4e892cdd7ac3f661325525d4cbcf2fa910ba73985446ceb20a767c72c6,mistral,450,0.0,0.0,0.0,0.0,0.0,0.0,0.0,0.0
6762734804c7bae1a97f0400d5476c0701bab0aee405f78eb60aa2c04d7a5344,mistral,450,0.0,0.0,0.0,0.0,0.0,0.0,0.0,0.0
5229a284b000cc286bb6683333eb4a8dbf3adf0f9915a0e4a228540979ec6ce5,mistral,450,0.0,0.0,0.0,0.0,0.0,0.0,0.0,0.0
5b13725ae8097cf3b632bc5cb3e3196fb2339c7c6f2237eff6918f98006c3466,mistral,450,0.0,0.6666666666666666,0.0,0.6666666666666666,0.0,0.6666666666666666,0.0,0.6666666666666666
71c203551e63ea6fdc1a6747a1f0c8aea6cd0f420afc7ed01672ea18fde01461,mistral,450,0.0,0.0,0.0,0.0,0.0,0.0,0.0,0.0
5834b1dac35839c386b52e37e6d9105b7aea979e39374c40c5dda17bab5e7cf1,mistral,450,1.0,1.0,1.0,1.0,0.0,0.33333333333333337,0.0,0.33333333333333337
7005fa48473d691f0bf6baf07866ed0ec1773c5c26648cc84dc6098aa028291a,mistral,450,0.0,0.0,0.0,0.0,0.0,0.0,0.0,0.0
cbf778c819c8976abaf59ae0d8292208fc29e699e2e1842270833ffdf99348cb,mistral,450,0.0,0.0,0.0,0.0,0.0,0.0,0.0,0.0
d414dd367538916b6f1f289e5347a5171b9e24622b96f2beaa82a3e4199f7426,mistral,450,0.0,0.0,0.0,0.0,0.0,0.0,0.0,0.0
859508c9475d6c67a0a84a0a64d2f1deafef4734f1541f9928107570dcc2abd0,mistral,450,1.0,1.0,1.0,1.0,1.0,1.0,1.0,1.0
06e5a96ff3c8524685c7343fac6c1d4027f532ee638b594ab2cf796ed3c18020,mistral,450,0.0,0.0,0.0,0.0,0.0,0.0,0.0,0.0
5ace0514624c4f3da526879f0c74489a2af77e4738cef714f605acf5f54a9f75,mistral,450,0.0,0.0,0.0,0.0,0.0,0.0,0.0,0.0
448efe5dc834ae3b70513b63646d459fdd1bee11236404799c67359d3e2ca6c4,mistral,450,0.0,0.6666666666666666,0.0,0.6666666666666666,0.0,0.6666666666666666,0.0,0.6666666666666666
2bd0f091942dfe11c86d6efd19e0864678d9c81b1f9c939d7c0e06c29ef4416d,mistral,450,0.0,0.6666666666666666,0.0,0.6666666666666666,0.0,0.4,0.0,0.4
c4d25d7da511ccc3827cb8791b3e8457d8425e79f17bfaded3ff23e0f82f97fd,mistral,450,0.0,0.0,0.0,0.0,0.0,0.0,0.0,0.0
2ac35ba8714f1c1f137fad6c130272a4b9852015c39f612b10d1a38472037254,mistral,450,0.0,0.0,0.0,0.0,0.0,0.0,0.0,0.0
1654bdd612cdace0d81ec9c5d9b30c2f72297febcf98dfa4a8c2ad2795203c9f,mistral,450,0.0,0.0,0.0,0.0,0.0,0.0,0.0,0.0
acad337782b7a18541d8d0701f4067b55de135fb97394b49077df2816e0c09f0,mistral,450,0.0,0.0,0.0,0.0,0.0,0.0,0.0,0.0
8bb66b2662cf87c3741b1f33ede5c7c68b36de5d3e005bc81d21b35ee2c8bfff,mistral,450,0.0,0.0,0.0,0.0,0.0,0.0,0.0,0.0
603e969e54a377a2e35e465136f1422f4be3622260219a968200b7778b37770f,mistral,450,1.0,1.0,1.0,1.0,1.0,1.0,1.0,1.0
a24b43b948083036dd8c0f31a1e6a5579d247216f8ab23c1b2fd86252985d7e1,mistral,450,0.0,0.0,0.0,0.0,0.0,0.0,0.0,0.0
c1b91d348784ad0994bf87f590289d960498caf5b3785d864fd5af2111a4eb0e,mistral,450,0.0,0.6666666666666666,0.0,0.6666666666666666,0.0,0.6666666666666666,0.0,0.6666666666666666
8346dc154a6616ec4b07129f2a306904ecad3bfc43c2929a189cf79590c44b8e,mistral,450,0.0,0.0,0.0,0.0,0.0,0.0,0.0,0.0
7dd50848a36db232abd3b596e503072f5f09f71bbb14cf8944ea5d8db4047e65,mistral,450,1.0,1.0,1.0,1.0,1.0,1.0,1.0,1.0
3e6319a947e4ecc91070dde9d48eba7378219265d0e3c99b7e06b7518d9943d5,mistral,450,1.0,1.0,1.0,1.0,1.0,1.0,1.0,1.0
dda61ce6ae340eee656a539f15334a4bf2649f82d057d4ce41c2391d145331ac,mistral,450,1.0,1.0,1.0,1.0,1.0,1.0,1.0,1.0
2410f2bb4b09d2965d8b18fa5763e89957338e6ec5e043fd1863783921a8a544,mistral,450,0.0,0.0,0.0,0.0,0.0,0.0,0.0,0.0
8ee4384439a2d97dfd4b227ab3def54dc2ad933b91325c135b8d95e58a1d0a16,mistral,450,1.0,1.0,1.0,1.0,1.0,1.0,1.0,1.0
c43c0c60f989c0ad5f2a1197301d7f30836b213f211ef1a6e2619bb5e4e5fa89,mistral,450,0.0,0.0,0.0,0.0,0.0,0.0,0.0,0.0
bf6352c279a871ee8be4b78dcce1d053fcbff4f80b731912be601623459009b2,mistral,450,0.0,0.0,0.0,0.0,0.0,0.0,0.0,0.0
2c0c706c4ee3de1ea180a6feefbc53837ea63bb23e0d14fdfc33f439166e78bd,mistral,450,1.0,1.0,1.0,1.0,1.0,1.0,1.0,1.0
da6c970dd1c9ed8b4be5b70fdd448080000e0004be8f6e79e2b09c770bfec21b,mistral,450,0.0,0.0,0.0,0.0,0.0,0.0,0.0,0.0
e846a94b7306d0f596b0daf3cb21b5dd6ef849416f6a15673d70156aa898b385,mistral,450,0.0,0.0,0.0,0.0,0.0,0.0,0.0,0.0
f8dda8b9cd45f4c4caff8ea6957caa997abcfbdb5fc4afd9cedca4bdbe1ce571,mistral,450,0.0,0.25,0.0,0.25,0.0,0.25,0.0,0.25
6ec9e14c7df7dbdb2e3f04ee4c9d43769095b00512eb15be2e8126363c60f301,mistral,450,0.0,0.0,0.0,0.0,0.0,0.0,0.0,0.0
4b5d44fa9a65815b6898c4db6729e63e3496d4b709f918653e6dc4fc8d7ea9ca,mistral,450,1.0,1.0,1.0,1.0,1.0,1.0,1.0,1.0
2ff4b456463179aed06ea715863ffd8caf6b27a5d9593b6ef2030edd8bbb5411,mistral,450,0.0,0.0,0.0,0.0,0.0,0.0,0.0,0.0
b2308913fa33840ca2279c27622a2c78c693299526f7acdb5adfff40b8d0ce87,mistral,450,0.0,0.0,0.0,0.0,0.0,0.0,0.0,0.0
bbd5d6dc6ac4be853590f85efa699695a043bfed8495f9ef80fc7b17a01ac318,mistral,450,0.0,0.5714285714285715,0.0,0.5714285714285715,0.0,0.5714285714285715,0.0,0.5714285714285715
5ed0c60909b82e67c21a438695f8c8dc5f375c90ff86cf73d77856bdb87e9287,mistral,450,0.0,0.0,0.0,0.0,0.0,0.0,0.0,0.0
e383345df6342128db3bda92975d510cf9664fcbaf3b862701c637e48d585b46,mistral,450,0.0,0.5,0.0,0.5,0.0,0.5,0.0,0.5
78aa80801799bdd37e5848f21d2bd2a52d933ab7444fc22dd6ce15b4a29802d2,mistral,450,0.0,0.0,0.0,0.0,0.0,0.0,0.0,0.0
d19877a978dce890750d9005972b3e227862c589a9d788792cc2759e4c1a084e,mistral,450,0.0,0.0,0.0,0.0,0.0,0.0,0.0,0.0
e8303419f48402584d1a11320e8517924b818b80983793594720d8632c30369d,mistral,450,0.0,0.3333333333333333,0.0,0.3333333333333333,0.0,0.3333333333333333,0.0,0.3333333333333333
622c1833dd4c673292b0f512dcf1c4e3ee9a09d327e0ba89b13f7222164b5495,mistral,450,1.0,1.0,1.0,1.0,1.0,1.0,1.0,1.0
9ae2af9616c778287ca3a67dc9a631538d0783ca5633bc86b99f997548d03a4d,mistral,900,0.0,0.0,0.0,0.0,0.0,0.0,0.0,0.0
a8bd404a0e6ee303bee3832fc337f42347a52eb43a476bc81ce9bf274b87b403,mistral,900,0.0,0.888888888888889,0.0,0.888888888888889,0.0,0.888888888888889,0.0,0.888888888888889
b784a72f9251d9b023972710d80f612d7104416b77bab0f7f5ed70f9603bf8d1,mistral,900,0.0,0.0,0.0,0.0,0.0,0.0,0.0,0.0
3ae7cf4fcf0fafc516da5e5a97e5aeaf4434236174b79557aaaea63e1420503d,mistral,900,0.0,0.8,0.0,0.8,0.0,0.8,0.0,0.8
4d609dadd63e25d138fba97871993ef85b859568e06979c9172305214de33bbc,mistral,900,0.0,0.0,0.0,0.0,0.0,0.0,0.0,0.0
7f04d506740c78f679aeb5303a33d44776854de9195c9c5c333d3fed91f44868,mistral,900,0.0,0.3076923076923077,0.0,0.3076923076923077,0.0,0.2666666666666667,0.0,0.2666666666666667
ed2370ea98b45d6675ae0fd112f3f4883b020ad16a6b6c5fa2ef55149819a6ba,mistral,900,0.0,0.0,0.0,0.0,0.0,0.0,0.0,0.0
2b3bdd1f9c4ed6cc98463e64a8b185eaa183bda1f772cb2b15ad53c99cd20acb,mistral,900,0.0,0.0,0.0,0.0,0.0,0.0,0.0,0.0
bf7b60c349c61da97fe3f18bee966763a4e82fec68226bc87fd29fbe4ff81646,mistral,900,0.0,0.47058823529411764,0.0,0.47058823529411764,0.0,0.47058823529411764,0.0,0.47058823529411764
037df82ffdf115a8811173db0b802e608b54b4cd8e03f8fd467350023cc9983a,mistral,900,0.0,0.11764705882352941,0.0,0.0,0.0,0.11764705882352941,0.0,0.0
8237c28079cb3c8cbb939ac4eb83fb744cedf80bb8570fb83d82a6a22952e924,mistral,900,0.0,0.0,0.0,0.0,0.0,0.0,0.0,0.0
265ceddd8c148b98e4d3e191375b73433aad9639799fe52f116742182de6e573,mistral,900,0.0,0.0,0.0,0.0,0.0,0.0,0.0,0.0
907a9efac05c3af256e4df42444870b8d53eb661359819bee366c3352693da1c,mistral,900,0.0,0.6666666666666666,0.0,0.6666666666666666,0.0,0.6666666666666666,0.0,0.6666666666666666
4479e3a8512066db11e411090c0ea1e7160d6d830b88652804bcc608976959f6,mistral,900,1.0,1.0,1.0,1.0,1.0,1.0,1.0,1.0
1ecf84707e7f896d1e63166424937eb505c9236f78f32977487787c26acb9482,mistral,900,1.0,1.0,1.0,1.0,1.0,1.0,1.0,1.0
9f90213f6f8753fefd19fcc98e9d6451c0be17d1891cc9f424232d8737435b8f,mistral,900,0.0,0.18181818181818182,0.0,0.18181818181818182,0.0,0.18181818181818182,0.0,0.18181818181818182
d68547480ce9b6b82b501100125121f7dce7abc478c736356fbb5d533dc85087,mistral,900,0.0,0.8,0.0,0.8,0.0,0.8,0.0,0.8
2790e3af47cc68dfa16509927bc2a934cbb6ba372c41f32f259cf526979fd812,mistral,900,0.0,0.4,0.0,0.0,0.0,0.4,0.0,0.0
4260314bc0e86102f5841e037533ebc1d33ed3611108b4a18004a1e654fbe9bd,mistral,900,0.0,0.33333333333333337,0.0,0.33333333333333337,0.0,0.33333333333333337,0.0,0.33333333333333337
780b9690bc577ebe0574186c2393c97be5319fb8ef4324fb3e2a6547a0ecacc0,mistral,900,1.0,1.0,1.0,1.0,1.0,1.0,1.0,1.0
5e69899dfd97b6a33c55134db302e52e2fba6f52f503f585a140e715d629bf0e,mistral,900,0.0,0.0,0.0,0.0,0.0,0.0,0.0,0.0
d3928990ea5781c0a0a2e15e94c2c332ca8f81af58a4f963bae9104c92f1b399,mistral,900,0.0,0.0,0.0,0.0,0.0,0.0,0.0,0.0
57d77e3795c1f752c5eba5b052b0a04500ea6f856af6c76fe61cada438ce5497,mistral,900,1.0,1.0,1.0,1.0,1.0,1.0,1.0,1.0
71cef227bbc8d0d2a89286e5e7b1c82ae56f6594bf2cc5fe097d656101f899c8,mistral,900,1.0,1.0,1.0,1.0,1.0,1.0,1.0,1.0
76dc978ca497c50f9f9a988c053f35443f83f1520fd271d3a4a0e40f990bb8a1,mistral,900,0.0,0.25,0.0,0.25,0.0,0.25,0.0,0.25
1361e24eb7fc0787a3449733684dfb879fcf6505385ac9be3d71462fa94aebf8,mistral,900,1.0,1.0,1.0,1.0,1.0,1.0,1.0,1.0
83904822bbd7b3bed79d0a643264c8296ad6129cbd9b427ef1fa2273acb9b4b7,mistral,900,1.0,1.0,1.0,1.0,1.0,1.0,1.0,1.0
6e47bc86e8a2e75cde58d144df1e471a74ad45e20dc109411662dfa285e8f22d,mistral,900,0.0,0.4444444444444444,0.0,0.4444444444444444,0.0,0.4444444444444444,0.0,0.4444444444444444
e534b68449d18c055b1490807df0d871d6e40996985d0fea2b0ea8d9a3a74f6b,mistral,900,0.0,0.0,0.0,0.0,0.0,0.0,0.0,0.0
ecd58c625b78f04438f549717e4b8664bc5cb77050ed1ddbfe2bbabe4b113cde,mistral,900,0.0,0.0,0.0,0.0,0.0,0.0,0.0,0.0
85aeabcf94c0848aba6fc0d48668b0b0c9d74eda2217e7c1ac1e2924e1b187bc,mistral,900,0.0,0.0,0.0,0.0,0.0,0.0,0.0,0.0
644162ad5ad9d91a9de5913e92a14f6a776eec68609619ec133bb0dbc9748d6a,mistral,900,0.0,0.0,0.0,0.0,0.0,0.0,0.0,0.0
a7a42248299b7de2868651ad7a36fcdd2d838d765ed18f191570b46903c57263,mistral,900,0.0,0.5,0.0,0.5,0.0,0.5,0.0,0.5
a3b8e0abe39f034966f168c2f3af7ddf786d3568c1244769329de9642de6dda0,mistral,900,1.0,1.0,1.0,1.0,1.0,1.0,1.0,1.0
f5f3b7726bbfdd3ee9c19e3cb3f60520c7a00e7be4307c7953612d6273fe49fb,mistral,900,0.0,0.4444444444444444,0.0,0.4444444444444444,0.0,0.4444444444444444,0.0,0.4444444444444444
78000f99b9cdedf639b681d0d091d4cdf73565d44b207e54b983521d4e004a0a,mistral,900,0.0,0.0,0.0,0.0,0.0,0.0,0.0,0.0
95904d067d420b2ff4156a5406afb7ae43dfb0c816f713b5d7fb2703953f2d11,mistral,900,0.0,0.0,0.0,0.0,0.0,0.0,0.0,0.0
4656ee9fa4014e7785c8c7474302d0e4383a358b9572f7c69d289baa24131a19,mistral,900,0.0,0.0,0.0,0.0,0.0,0.0,0.0,0.0
2b9653f27233097ba2f19832f909e1e1e65333dc9e637c3e8c60ab9bb8efbaed,mistral,900,1.0,1.0,1.0,1.0,1.0,1.0,1.0,1.0
d3b4d12bc295dbc639d63bc36f2ac7f13144327c8c0b560eb2000159ae5c64a6,mistral,900,0.0,0.6666666666666666,0.0,0.6666666666666666,0.0,0.6666666666666666,0.0,0.6666666666666666
b19198900b52544f82fbd2ccd84c31514f07c6a29b4febedfbf76dc0e516a9c2,mistral,900,0.0,0.0,0.0,0.0,0.0,0.0,0.0,0.0
46a8f3dd7d2987a8aa2ea238a3785256fba1c42741be5ae52edb815cb93da7bb,mistral,900,0.0,0.2608695652173913,0.0,0.2608695652173913,0.0,0.2608695652173913,0.0,0.2608695652173913
fefb162b8d86b17891c02e1c4631693542f26261122c5b6c7e40efb014b5ed11,mistral,900,0.0,0.3076923076923077,0.0,0.3076923076923077,0.0,0.3076923076923077,0.0,0.3076923076923077
4a3417395d0a0abef07bc43d5a086a9f4182fda0c80e51c46a921d0fc8a12f4b,mistral,900,0.0,0.5,0.0,0.5,0.0,0.5,0.0,0.5
d2ab86d7a4a02af1582558b0abda6928f1c3f2b7948e31d1e47a22b77a34c393,mistral,900,0.0,0.0,0.0,0.0,0.0,0.0,0.0,0.0
5d42084b8c3ed8c97a6bda612dce6106ccec2f008c90a5db83169507f544b167,mistral,900,0.0,0.0,0.0,0.0,0.0,0.0,0.0,0.0
cb5a41d3c407f926793937b8eb8c1e67a178a5fcad10dc174c799357ea041904,mistral,900,0.0,0.5714285714285715,0.0,0.5714285714285715,0.0,0.5714285714285715,0.0,0.5714285714285715
7c3692c04a20cf0e94fa208509f000b9e474de3ec0d5317812280022eda5f017,mistral,900,0.0,0.3333333333333333,0.0,0.3333333333333333,0.0,0.3333333333333333,0.0,0.3333333333333333
0ef6dc6b19df08c98b10ddd822086b250afdbffc9394530a765c96650a02e18a,mistral,900,0.0,0.3333333333333333,0.0,0.3333333333333333,0.0,0.3333333333333333,0.0,0.3333333333333333
e63490acde138f498ecb21611fdae5d645c33dbb59a67a73858fa15050f2335c,mistral,900,0.0,0.5454545454545454,0.0,0.5454545454545454,0.0,0.5454545454545454,0.0,0.5454545454545454
27cb7ed595c659c5e4c882ce5a6fc8f0ecd57c4d6431c7badb694b7b32d16fd4,mistral,900,0.0,0.0,0.0,0.0,0.0,0.0,0.0,0.0
1f925c89bba9e8384e416a05771384b7c436682d96a5fcd80de5da84859f34f5,mistral,900,1.0,1.0,1.0,1.0,1.0,1.0,1.0,1.0
f439d9d0b179fa0a8b10e693eb371be5a1fe2793507255a2f75a86183abd2707,mistral,900,1.0,1.0,1.0,1.0,1.0,1.0,1.0,1.0
28914fa42a623da81a96be80fc9f5894a4567f65a328ad895a2b2458b3012d76,mistral,900,0.0,0.0,0.0,0.0,0.0,0.0,0.0,0.0
cfe277b217b0248f93c7c49a05a39d7bae7181a0f5901a9460f21453570046f0,mistral,900,0.0,0.0,0.0,0.0,0.0,0.0,0.0,0.0
eafdcb4e892cdd7ac3f661325525d4cbcf2fa910ba73985446ceb20a767c72c6,mistral,900,0.0,0.0,0.0,0.0,0.0,0.0,0.0,0.0
6762734804c7bae1a97f0400d5476c0701bab0aee405f78eb60aa2c04d7a5344,mistral,900,0.0,0.0,0.0,0.0,0.0,0.0,0.0,0.0
5229a284b000cc286bb6683333eb4a8dbf3adf0f9915a0e4a228540979ec6ce5,mistral,900,0.0,0.0,0.0,0.0,0.0,0.0,0.0,0.0
5b13725ae8097cf3b632bc5cb3e3196fb2339c7c6f2237eff6918f98006c3466,mistral,900,0.0,0.6666666666666666,0.0,0.6666666666666666,0.0,0.6666666666666666,0.0,0.6666666666666666
71c203551e63ea6fdc1a6747a1f0c8aea6cd0f420afc7ed01672ea18fde01461,mistral,900,0.0,0.0,0.0,0.0,0.0,0.0,0.0,0.0
5834b1dac35839c386b52e37e6d9105b7aea979e39374c40c5dda17bab5e7cf1,mistral,900,0.0,0.33333333333333337,0.0,0.33333333333333337,0.0,0.33333333333333337,0.0,0.33333333333333337
7005fa48473d691f0bf6baf07866ed0ec1773c5c26648cc84dc6098aa028291a,mistral,900,1.0,1.0,1.0,1.0,1.0,1.0,1.0,1.0
cbf778c819c8976abaf59ae0d8292208fc29e699e2e1842270833ffdf99348cb,mistral,900,0.0,0.0,0.0,0.0,0.0,0.0,0.0,0.0
d414dd367538916b6f1f289e5347a5171b9e24622b96f2beaa82a3e4199f7426,mistral,900,0.0,0.0,0.0,0.0,0.0,0.0,0.0,0.0
859508c9475d6c67a0a84a0a64d2f1deafef4734f1541f9928107570dcc2abd0,mistral,900,1.0,1.0,1.0,1.0,1.0,1.0,1.0,1.0
06e5a96ff3c8524685c7343fac6c1d4027f532ee638b594ab2cf796ed3c18020,mistral,900,0.0,0.8,0.0,0.8,0.0,0.8,0.0,0.8
5ace0514624c4f3da526879f0c74489a2af77e4738cef714f605acf5f54a9f75,mistral,900,0.0,0.0,0.0,0.0,0.0,0.0,0.0,0.0
448efe5dc834ae3b70513b63646d459fdd1bee11236404799c67359d3e2ca6c4,mistral,900,0.0,0.8,0.0,0.8,0.0,0.8,0.0,0.8
2bd0f091942dfe11c86d6efd19e0864678d9c81b1f9c939d7c0e06c29ef4416d,mistral,900,0.0,0.75,0.0,0.75,0.0,0.75,0.0,0.75
c4d25d7da511ccc3827cb8791b3e8457d8425e79f17bfaded3ff23e0f82f97fd,mistral,900,0.0,0.0,0.0,0.0,0.0,0.0,0.0,0.0
2ac35ba8714f1c1f137fad6c130272a4b9852015c39f612b10d1a38472037254,mistral,900,0.0,0.0,0.0,0.0,0.0,0.0,0.0,0.0
1654bdd612cdace0d81ec9c5d9b30c2f72297febcf98dfa4a8c2ad2795203c9f,mistral,900,0.0,0.0,0.0,0.0,0.0,0.0,0.0,0.0
acad337782b7a18541d8d0701f4067b55de135fb97394b49077df2816e0c09f0,mistral,900,0.0,0.0,0.0,0.0,0.0,0.0,0.0,0.0
8bb66b2662cf87c3741b1f33ede5c7c68b36de5d3e005bc81d21b35ee2c8bfff,mistral,900,0.0,0.0,0.0,0.0,0.0,0.0,0.0,0.0
603e969e54a377a2e35e465136f1422f4be3622260219a968200b7778b37770f,mistral,900,1.0,1.0,1.0,1.0,1.0,1.0,1.0,1.0
a24b43b948083036dd8c0f31a1e6a5579d247216f8ab23c1b2fd86252985d7e1,mistral,900,0.0,0.6666666666666666,0.0,0.6666666666666666,0.0,0.6666666666666666,0.0,0.6666666666666666
c1b91d348784ad0994bf87f590289d960498caf5b3785d864fd5af2111a4eb0e,mistral,900,0.0,0.6666666666666666,0.0,0.6666666666666666,0.0,0.6666666666666666,0.0,0.6666666666666666
8346dc154a6616ec4b07129f2a306904ecad3bfc43c2929a189cf79590c44b8e,mistral,900,0.0,0.0909090909090909,0.0,0.0,0.0,0.0909090909090909,0.0,0.0
7dd50848a36db232abd3b596e503072f5f09f71bbb14cf8944ea5d8db4047e65,mistral,900,1.0,1.0,1.0,1.0,1.0,1.0,1.0,1.0
3e6319a947e4ecc91070dde9d48eba7378219265d0e3c99b7e06b7518d9943d5,mistral,900,1.0,1.0,1.0,1.0,1.0,1.0,1.0,1.0
dda61ce6ae340eee656a539f15334a4bf2649f82d057d4ce41c2391d145331ac,mistral,900,1.0,1.0,1.0,1.0,1.0,1.0,1.0,1.0
2410f2bb4b09d2965d8b18fa5763e89957338e6ec5e043fd1863783921a8a544,mistral,900,0.0,0.0,0.0,0.0,0.0,0.0,0.0,0.0
8ee4384439a2d97dfd4b227ab3def54dc2ad933b91325c135b8d95e58a1d0a16,mistral,900,1.0,1.0,1.0,1.0,1.0,1.0,1.0,1.0
c43c0c60f989c0ad5f2a1197301d7f30836b213f211ef1a6e2619bb5e4e5fa89,mistral,900,0.0,0.0,0.0,0.0,0.0,0.0,0.0,0.0
bf6352c279a871ee8be4b78dcce1d053fcbff4f80b731912be601623459009b2,mistral,900,0.0,0.0,0.0,0.0,0.0,0.0,0.0,0.0
2c0c706c4ee3de1ea180a6feefbc53837ea63bb23e0d14fdfc33f439166e78bd,mistral,900,1.0,1.0,1.0,1.0,1.0,1.0,1.0,1.0
da6c970dd1c9ed8b4be5b70fdd448080000e0004be8f6e79e2b09c770bfec21b,mistral,900,0.0,0.0,0.0,0.0,0.0,0.0,0.0,0.0
e846a94b7306d0f596b0daf3cb21b5dd6ef849416f6a15673d70156aa898b385,mistral,900,0.0,0.0,0.0,0.0,0.0,0.0,0.0,0.0
f8dda8b9cd45f4c4caff8ea6957caa997abcfbdb5fc4afd9cedca4bdbe1ce571,mistral,900,0.0,0.5,0.0,0.5,0.0,0.5,0.0,0.5
6ec9e14c7df7dbdb2e3f04ee4c9d43769095b00512eb15be2e8126363c60f301,mistral,900,0.0,0.0,0.0,0.0,0.0,0.0,0.0,0.0
4b5d44fa9a65815b6898c4db6729e63e3496d4b709f918653e6dc4fc8d7ea9ca,mistral,900,1.0,1.0,1.0,1.0,1.0,1.0,1.0,1.0
2ff4b456463179aed06ea715863ffd8caf6b27a5d9593b6ef2030edd8bbb5411,mistral,900,0.0,0.0,0.0,0.0,0.0,0.0,0.0,0.0
b2308913fa33840ca2279c27622a2c78c693299526f7acdb5adfff40b8d0ce87,mistral,900,0.0,0.0,0.0,0.0,0.0,0.0,0.0,0.0
bbd5d6dc6ac4be853590f85efa699695a043bfed8495f9ef80fc7b17a01ac318,mistral,900,0.0,0.5714285714285715,0.0,0.5714285714285715,0.0,0.5714285714285715,0.0,0.5714285714285715
5ed0c60909b82e67c21a438695f8c8dc5f375c90ff86cf73d77856bdb87e9287,mistral,900,0.0,0.0,0.0,0.0,0.0,0.0,0.0,0.0
e383345df6342128db3bda92975d510cf9664fcbaf3b862701c637e48d585b46,mistral,900,0.0,0.5,0.0,0.5,0.0,0.5,0.0,0.5
78aa80801799bdd37e5848f21d2bd2a52d933ab7444fc22dd6ce15b4a29802d2,mistral,900,0.0,0.0,0.0,0.0,0.0,0.0,0.0,0.0
d19877a978dce890750d9005972b3e227862c589a9d788792cc2759e4c1a084e,mistral,900,0.0,0.0,0.0,0.0,0.0,0.0,0.0,0.0
e8303419f48402584d1a11320e8517924b818b80983793594720d8632c30369d,mistral,900,0.0,0.3333333333333333,0.0,0.3333333333333333,0.0,0.3333333333333333,0.0,0.3333333333333333
622c1833dd4c673292b0f512dcf1c4e3ee9a09d327e0ba89b13f7222164b5495,mistral,900,1.0,1.0,1.0,1.0,1.0,1.0,1.0,1.0
