id_sha256,reader,chars,effective_input_sha256,full_input_tokens,kept_input_tokens,all_support_retrieved,all_support_chars,all_support_tokens
9ae2af9616c778287ca3a67dc9a631538d0783ca5633bc86b99f997548d03a4d,qwen,450,dfd963ad8c2586427eb99afd94e1936d40514d0c8b60dbdacac37c90651627e5,1010,1010,False,False,False
a8bd404a0e6ee303bee3832fc337f42347a52eb43a476bc81ce9bf274b87b403,qwen,450,59797c05514536e61b43e72f4fe39091e3e33ceb1dec8169f9f15f392d70d46e,1024,1024,True,True,True
b784a72f9251d9b023972710d80f612d7104416b77bab0f7f5ed70f9603bf8d1,qwen,450,f873e58128518fdb6b7b8c2bde89bdfaac7379f8c262e74a6b344a1dff634c54,898,898,False,False,False
3ae7cf4fcf0fafc516da5e5a97e5aeaf4434236174b79557aaaea63e1420503d,qwen,450,bca0d4a6cb64ca64a0febab026faedb7356d7c1701daf0d332c0abe246babf73,939,939,False,False,False
4d609dadd63e25d138fba97871993ef85b859568e06979c9172305214de33bbc,qwen,450,be26a382f941d7ded9ecab1ed1fda2e112e0decc46844ce37d87248f105d2da3,850,850,True,False,False
7f04d506740c78f679aeb5303a33d44776854de9195c9c5c333d3fed91f44868,qwen,450,f03704de388db9ef646fc0e0e81d869f7b23e73d923073e9fa7243078d1ac3c9,857,857,False,False,False
ed2370ea98b45d6675ae0fd112f3f4883b020ad16a6b6c5fa2ef55149819a6ba,qwen,450,4a017bf3112fce581feb02ab548cb8ad5043366028f9ae0d8151ef23ddd6ac3e,843,843,True,True,True
2b3bdd1f9c4ed6cc98463e64a8b185eaa183bda1f772cb2b15ad53c99cd20acb,qwen,450,003ae3e4509c1b6bcea7cda1f577bdf08142a7604f55c32c5d336ef8c7de1bc9,921,921,True,False,False
bf7b60c349c61da97fe3f18bee966763a4e82fec68226bc87fd29fbe4ff81646,qwen,450,7edca8c5c1670b1fe5ad34bb4c801b935dbfc4965882ba3131391fd22f42a6a6,1046,1046,False,False,False
037df82ffdf115a8811173db0b802e608b54b4cd8e03f8fd467350023cc9983a,qwen,450,fa340b4f29f2280b3bde9d01e00b3671953b13bf4c7c26dd10de3989455d2ccc,669,669,True,True,True
8237c28079cb3c8cbb939ac4eb83fb744cedf80bb8570fb83d82a6a22952e924,qwen,450,cdeab1c5267026eb78fb028006f9757b0c979ae3a2bf6375e24a9ab435c020fe,868,868,False,False,False
265ceddd8c148b98e4d3e191375b73433aad9639799fe52f116742182de6e573,qwen,450,62ec5e60c6c3baed2d3db3573c8a09d3294b00a52448b990c6ba3ad76f812d21,959,959,False,False,False
907a9efac05c3af256e4df42444870b8d53eb661359819bee366c3352693da1c,qwen,450,97936ee051826431dd21a6881cdb147f92dd1be62f2cd26c21d452808ce2deec,1105,1105,True,True,True
4479e3a8512066db11e411090c0ea1e7160d6d830b88652804bcc608976959f6,qwen,450,66326b8c1934182b0d6229b86c6b712cdd5dfbb002e4378933724b61c535e058,1064,1064,True,False,False
1ecf84707e7f896d1e63166424937eb505c9236f78f32977487787c26acb9482,qwen,450,ddc4fbd9ead9e2efa0d457da2b1c84b3c866a2360050caba1dae33bbabac475e,1113,1113,True,True,True
9f90213f6f8753fefd19fcc98e9d6451c0be17d1891cc9f424232d8737435b8f,qwen,450,6e2e10221a1c36a71c7a339187c3591f148a3aba7b555811f4458e12d852e833,1033,1033,False,False,False
d68547480ce9b6b82b501100125121f7dce7abc478c736356fbb5d533dc85087,qwen,450,ef6441616c2fbaf1bb0fceafbe5e6652d9b7927796b372be79f57fbf639f586a,1124,1124,True,True,True
2790e3af47cc68dfa16509927bc2a934cbb6ba372c41f32f259cf526979fd812,qwen,450,6cc063b8f90996b3c86968b23adfbbdb12b4a416e8f05e5e7dcc0484997f15eb,665,665,True,True,True
4260314bc0e86102f5841e037533ebc1d33ed3611108b4a18004a1e654fbe9bd,qwen,450,68e630db91bca10e2fbf0bcaaf7504dc2963829a71c8599d78ba89f78f538c77,962,962,False,False,False
780b9690bc577ebe0574186c2393c97be5319fb8ef4324fb3e2a6547a0ecacc0,qwen,450,64f4d7cb043eeaf500e13c28c068ab294693c64f2c8303b065beaad3ca9afdc5,1044,1044,False,False,False
5e69899dfd97b6a33c55134db302e52e2fba6f52f503f585a140e715d629bf0e,qwen,450,110d7699b2bc55184d7b47b0d03ea67bf4842dbeb4837dfdcc1ffb043bda2d7a,1072,1072,False,False,False
d3928990ea5781c0a0a2e15e94c2c332ca8f81af58a4f963bae9104c92f1b399,qwen,450,b33aec293d9dde1eae45f3a55cdb90a8a843a93dab31cc32c72196729e13cad7,1037,1037,True,True,True
57d77e3795c1f752c5eba5b052b0a04500ea6f856af6c76fe61cada438ce5497,qwen,450,542f13b2d057cae30fc3150eb9f17488b2a38966ad9989d4b81d40177543609d,776,776,True,True,True
71cef227bbc8d0d2a89286e5e7b1c82ae56f6594bf2cc5fe097d656101f899c8,qwen,450,d1f8534e46228fc8e0c7c845e042f7abd075972868acf62d07237f3eb0ec1a8e,855,855,True,True,True
76dc978ca497c50f9f9a988c053f35443f83f1520fd271d3a4a0e40f990bb8a1,qwen,450,c1451df5cd9fccb1dbc07a6acb1e02bc865c6bc76f84bb50598565a7369f6fe5,1141,1141,False,False,False
1361e24eb7fc0787a3449733684dfb879fcf6505385ac9be3d71462fa94aebf8,qwen,450,a8ba7104388d966eec621dc5d8e533332fd3355f6f7ff012c19b68ed006a8f1a,1160,1160,True,True,True
83904822bbd7b3bed79d0a643264c8296ad6129cbd9b427ef1fa2273acb9b4b7,qwen,450,4fea2508fbb65d9c2bd0ede43e24264262ceae4c7e33a20d31f2ae4dc65d7212,950,950,True,True,True
6e47bc86e8a2e75cde58d144df1e471a74ad45e20dc109411662dfa285e8f22d,qwen,450,2dbd91fea8a06dae4397ce154927dbf4ab80abe96135780b92ffe2b4b810cd38,848,848,False,False,False
e534b68449d18c055b1490807df0d871d6e40996985d0fea2b0ea8d9a3a74f6b,qwen,450,b90b8a87ebea6e3592d6de31c399107e28074fa37f2ddd751bfcb45980c06d27,965,965,False,False,False
ecd58c625b78f04438f549717e4b8664bc5cb77050ed1ddbfe2bbabe4b113cde,qwen,450,8644c2fb704dbbe1596bec363707f1c2644552226195962d0767e884e6878399,1013,1013,False,False,False
85aeabcf94c0848aba6fc0d48668b0b0c9d74eda2217e7c1ac1e2924e1b187bc,qwen,450,b99d4464495f1f1e22df8a785ae5f78f2244f53209e1aba1bf1a8f5fb5c177b9,857,857,False,False,False
644162ad5ad9d91a9de5913e92a14f6a776eec68609619ec133bb0dbc9748d6a,qwen,450,05854daf290d2c5063b2431ca334657977752de9bb1cdbed1f279ba615304c04,851,851,False,False,False
a7a42248299b7de2868651ad7a36fcdd2d838d765ed18f191570b46903c57263,qwen,450,b0a502e47170dabc678c852d84892cf579873198bbca4ba7cf08e90ed3fe085b,1232,1232,True,True,True
a3b8e0abe39f034966f168c2f3af7ddf786d3568c1244769329de9642de6dda0,qwen,450,c514ccc4bf4f86ff9c87d543fee4e3ed0a3542fd5b90dcdc9cab8272542275c0,986,986,False,False,False
f5f3b7726bbfdd3ee9c19e3cb3f60520c7a00e7be4307c7953612d6273fe49fb,qwen,450,43ecd70b7cb25b6a358830ccf87937d30028e0264811259a9667d0a12d8f5c03,852,852,True,True,True
78000f99b9cdedf639b681d0d091d4cdf73565d44b207e54b983521d4e004a0a,qwen,450,d20240a20d139be88ff37196bb9df54156d3b7e60d5c5d77fde82f86947f5239,1150,1150,True,True,True
95904d067d420b2ff4156a5406afb7ae43dfb0c816f713b5d7fb2703953f2d11,qwen,450,fe55a80e9a3e003d10247fd761fb3710985d08137597d7934031d1b291e1f587,972,972,True,True,True
4656ee9fa4014e7785c8c7474302d0e4383a358b9572f7c69d289baa24131a19,qwen,450,c7a1cef1eca97c21c3c3e01ea025704b2116d1d11bf69667e308d55dabbd33d0,976,976,True,True,True
2b9653f27233097ba2f19832f909e1e1e65333dc9e637c3e8c60ab9bb8efbaed,qwen,450,1356a96cbad74a5912d234b2aae482437b3ae56ddbe29b1cf1fcfd97802c0622,1105,1105,False,False,False
d3b4d12bc295dbc639d63bc36f2ac7f13144327c8c0b560eb2000159ae5c64a6,qwen,450,ecb214491b9ad99f2e22f00f8cf8aa6d46559777e724abf320d10f926dd81056,1175,1175,True,True,True
b19198900b52544f82fbd2ccd84c31514f07c6a29b4febedfbf76dc0e516a9c2,qwen,450,23c2eb8397ff07355a90466dc3f440350b41b821b9848e9bd33b085e643117af,869,869,False,False,False
46a8f3dd7d2987a8aa2ea238a3785256fba1c42741be5ae52edb815cb93da7bb,qwen,450,05d773acde9dac14479adfccd924f0dd503257ffc112fd0cc44b85281b8ca1f1,1037,1037,False,False,False
fefb162b8d86b17891c02e1c4631693542f26261122c5b6c7e40efb014b5ed11,qwen,450,6a7467e533054701d561494f2ce2bc5fecfde11b218c5ebdb2601af3deb78786,865,865,False,False,False
4a3417395d0a0abef07bc43d5a086a9f4182fda0c80e51c46a921d0fc8a12f4b,qwen,450,8ffe945f3486cc80d350f510af7d72b2ea0bbc9acc6c97819e07db0d29abd48b,1268,1268,False,False,False
d2ab86d7a4a02af1582558b0abda6928f1c3f2b7948e31d1e47a22b77a34c393,qwen,450,c48714e946c385de31c83c49ca1462f1f1f312843d16e448a18d279f6c594d0e,1264,1264,False,False,False
5d42084b8c3ed8c97a6bda612dce6106ccec2f008c90a5db83169507f544b167,qwen,450,c7f485f4f6643182d5f0d78e1c09e514108c052c0e7e972e1bb01ef8139ae016,872,872,True,True,True
cb5a41d3c407f926793937b8eb8c1e67a178a5fcad10dc174c799357ea041904,qwen,450,b0dfab98cecf689b6ba3fe45f4027000131562dae59340686e0dbb94e5be5fed,1194,1194,True,True,True
7c3692c04a20cf0e94fa208509f000b9e474de3ec0d5317812280022eda5f017,qwen,450,bd97540f3cf68845e227ae4edfffbfd5cd3f872e0a06a46b36752a6cec8ee0b7,996,996,True,True,True
0ef6dc6b19df08c98b10ddd822086b250afdbffc9394530a765c96650a02e18a,qwen,450,add5d4357696bc6a4ad88db8648bcf3cb7f390d9f2fb2b5932cfc8e723d4c0d6,832,832,False,False,False
e63490acde138f498ecb21611fdae5d645c33dbb59a67a73858fa15050f2335c,qwen,450,c1dbf6bab1ccb4463cd67d92251a8199cca638e512ccd0dbeb1b9f7e4a1959e4,912,912,True,True,True
27cb7ed595c659c5e4c882ce5a6fc8f0ecd57c4d6431c7badb694b7b32d16fd4,qwen,450,56b161100d47a5f381e2ca3b5362a6c63a711e3da164c4b4904a24270839c9be,803,803,False,False,False
1f925c89bba9e8384e416a05771384b7c436682d96a5fcd80de5da84859f34f5,qwen,450,32f4279bad5512096ecb0192a219ef6d2aebc713f15f7253631146ef92fdca3f,1149,1149,False,False,False
f439d9d0b179fa0a8b10e693eb371be5a1fe2793507255a2f75a86183abd2707,qwen,450,918ac9f94902f32423b923a9932808ed1f95d5f1dac36ae1dfbaa4887233cdc9,914,914,True,True,True
28914fa42a623da81a96be80fc9f5894a4567f65a328ad895a2b2458b3012d76,qwen,450,921ec637c7645f519ca9dc837bfa7d30a358204ee131b55ec227a1c10f0307b5,1083,1083,True,False,False
cfe277b217b0248f93c7c49a05a39d7bae7181a0f5901a9460f21453570046f0,qwen,450,c4dce7aac121bf150d54c0e55164ed1d944b06968c09a7b6c576fe3964479b8b,883,883,True,False,False
eafdcb4e892cdd7ac3f661325525d4cbcf2fa910ba73985446ceb20a767c72c6,qwen,450,ad078625d54f6a56a3f014fb8eb369b38448f382e4e99038f5d633f511c9a408,1049,1049,True,False,False
6762734804c7bae1a97f0400d5476c0701bab0aee405f78eb60aa2c04d7a5344,qwen,450,cdc99ed6601e2d31bbf9e25a98d8c2ce70af95e692ea89e0d2bdad9fc8a4ec8d,1046,1046,False,False,False
5229a284b000cc286bb6683333eb4a8dbf3adf0f9915a0e4a228540979ec6ce5,qwen,450,3a05a497dee0d87de71d94fa41b46ac8d88702b5a042180de1ddb5bd3e426756,830,830,False,False,False
5b13725ae8097cf3b632bc5cb3e3196fb2339c7c6f2237eff6918f98006c3466,qwen,450,edd3edc2441c0733f8720bf453735f99cb3a88da27f2ffb0d7603c814f79668d,615,615,True,True,True
71c203551e63ea6fdc1a6747a1f0c8aea6cd0f420afc7ed01672ea18fde01461,qwen,450,775ab75354c89cf2d579f9b9c363fc1e0ea57e86c30a9f62a1f064451c8e843a,880,880,False,False,False
5834b1dac35839c386b52e37e6d9105b7aea979e39374c40c5dda17bab5e7cf1,qwen,450,95e95320577d98df21ece85584cec16b32bba9c7d4f0d0ff4a3350cc119121b0,1009,1009,True,True,True
7005fa48473d691f0bf6baf07866ed0ec1773c5c26648cc84dc6098aa028291a,qwen,450,aaf502f36b0c5dbc57b4f0f36ef515f27c96bcdc754a1c34b01ec6d64c5b9dca,988,988,False,False,False
cbf778c819c8976abaf59ae0d8292208fc29e699e2e1842270833ffdf99348cb,qwen,450,47696ad9819254decc66a2f7ffc4c0cb86593770a5779373b0e374418e7a81f2,928,928,False,False,False
d414dd367538916b6f1f289e5347a5171b9e24622b96f2beaa82a3e4199f7426,qwen,450,3b13eca50009f090351dcfba23b4483003d89d22961320848b64dfaab2b18207,728,728,False,False,False
859508c9475d6c67a0a84a0a64d2f1deafef4734f1541f9928107570dcc2abd0,qwen,450,6ffbaf202b165e3ec8175eaae1c39309362efd354d055c00e5590f82a7c160b2,913,913,True,True,True
06e5a96ff3c8524685c7343fac6c1d4027f532ee638b594ab2cf796ed3c18020,qwen,450,5a936d6e532472d1866bbc9071566a30db6f26a54403778a1ce6b5016745832b,1010,1010,True,True,True
5ace0514624c4f3da526879f0c74489a2af77e4738cef714f605acf5f54a9f75,qwen,450,ac54d63cdff5903a53076fa1c32a3cb22e95e3a44d06f5ac8144fe5eef28bc18,1176,1176,True,True,True
448efe5dc834ae3b70513b63646d459fdd1bee11236404799c67359d3e2ca6c4,qwen,450,d0912e30af4effd1fc0730000537931e1b11d5311b009e02b2f4b1b1d06e2fb8,1065,1065,True,True,True
2bd0f091942dfe11c86d6efd19e0864678d9c81b1f9c939d7c0e06c29ef4416d,qwen,450,b435e979673e18e49e74fc27e60d53ce7b51244e5e5f2b6bdf1c21b0cd9e47c4,1068,1068,True,True,True
c4d25d7da511ccc3827cb8791b3e8457d8425e79f17bfaded3ff23e0f82f97fd,qwen,450,4ac73ff303229509732523f269ae94e1d4ab3a402d13e2e47efd1e8c8e9d7d29,1092,1092,True,True,True
2ac35ba8714f1c1f137fad6c130272a4b9852015c39f612b10d1a38472037254,qwen,450,bcf5181dfa335340fdaf12f7e3d4d5f7702796f09bf400deeb811364a3cb9f69,979,979,False,False,False
1654bdd612cdace0d81ec9c5d9b30c2f72297febcf98dfa4a8c2ad2795203c9f,qwen,450,2233621dcf9741b08f3c8773745d6bee5db62d9fad0359785e3e520d79de06b6,1171,1171,True,False,False
acad337782b7a18541d8d0701f4067b55de135fb97394b49077df2816e0c09f0,qwen,450,3a950690d72cfb75676a530eca4cd7c5273002fabeac2f99da217bb134057183,780,780,True,True,True
8bb66b2662cf87c3741b1f33ede5c7c68b36de5d3e005bc81d21b35ee2c8bfff,qwen,450,a93078b4a2814db845cbba0758b4a34167bf6553e72ab98f36d89376e0687ea2,1142,1142,False,False,False
603e969e54a377a2e35e465136f1422f4be3622260219a968200b7778b37770f,qwen,450,4c38128304c893782ac189b28cbdf4cf778524cccfb829c5488a79eff8555cde,931,931,True,True,True
a24b43b948083036dd8c0f31a1e6a5579d247216f8ab23c1b2fd86252985d7e1,qwen,450,a96ef4288d86103ef23a6f6fde163a8bf371ec68547677ff0ecb306990597b16,964,964,False,False,False
c1b91d348784ad0994bf87f590289d960498caf5b3785d864fd5af2111a4eb0e,qwen,450,5406a52ccbf26f4d8a914bf6b0d8875b8a87bb897e0ba0411266a296652517c1,963,963,True,True,True
8346dc154a6616ec4b07129f2a306904ecad3bfc43c2929a189cf79590c44b8e,qwen,450,73e73faeff02e979013dfcb34b545bbbdf1de06b11b6111605cbfb9a354a7796,1124,1124,True,True,True
7dd50848a36db232abd3b596e503072f5f09f71bbb14cf8944ea5d8db4047e65,qwen,450,8fa82317c4e45308ac92faa4a7d14593f6fcb889a52f4ca9cd493518cb6af742,841,841,False,False,False
3e6319a947e4ecc91070dde9d48eba7378219265d0e3c99b7e06b7518d9943d5,qwen,450,ac62cfc7cf96151db55f05110065535950ff38f5e2ee8b5bf84f6c5ea33f4864,992,992,True,True,True
dda61ce6ae340eee656a539f15334a4bf2649f82d057d4ce41c2391d145331ac,qwen,450,221760fb6b3a9bc2799eb1c82ad3c796ed49d93d8480d73872bc37ff5bbcc574,982,982,True,True,True
2410f2bb4b09d2965d8b18fa5763e89957338e6ec5e043fd1863783921a8a544,qwen,450,034d5ca54ad9c820e85e2a933ce9f7a73ddd8e49448412e91f1fa96666987fde,1092,1092,True,True,True
8ee4384439a2d97dfd4b227ab3def54dc2ad933b91325c135b8d95e58a1d0a16,qwen,450,609b3b392cfa353dacdc3f57b8ed34cb3b8fa5b2fb527af9a2bdde59226a9aa6,949,949,True,True,True
c43c0c60f989c0ad5f2a1197301d7f30836b213f211ef1a6e2619bb5e4e5fa89,qwen,450,c8be25cd7adf19506b2721278197042e9c32fce9bf29cddd625a3886bb3216b8,887,887,False,False,False
bf6352c279a871ee8be4b78dcce1d053fcbff4f80b731912be601623459009b2,qwen,450,90c9044c6a7a44259eae5312f72f30f755facb938091e2151813d3ced10f363c,758,758,False,False,False
2c0c706c4ee3de1ea180a6feefbc53837ea63bb23e0d14fdfc33f439166e78bd,qwen,450,73e99f579db1e52688ece70e1e20a60f0f39fd7ff121269a7bc9ec75b771a628,839,839,True,True,True
da6c970dd1c9ed8b4be5b70fdd448080000e0004be8f6e79e2b09c770bfec21b,qwen,450,8c5fa6178a20fc004096d7b36d6dcb600790960567e6b2e1905b9d82acd13cfc,998,998,True,True,True
e846a94b7306d0f596b0daf3cb21b5dd6ef849416f6a15673d70156aa898b385,qwen,450,3d7857bdefcf5c21baef7d24531e98d9700ea2fd4a5a403a5cbeeaa74f9579b3,968,968,True,True,True
f8dda8b9cd45f4c4caff8ea6957caa997abcfbdb5fc4afd9cedca4bdbe1ce571,qwen,450,3d563e987d487967b5bacba656926716ca68297c52fb4b89f23c103009fac497,1107,1107,True,False,False
6ec9e14c7df7dbdb2e3f04ee4c9d43769095b00512eb15be2e8126363c60f301,qwen,450,fb27a03abdc092de7e0f2a0dd013e654a10ebe10f81fd7660a3c61bcaf3f3a85,973,973,False,False,False
4b5d44fa9a65815b6898c4db6729e63e3496d4b709f918653e6dc4fc8d7ea9ca,qwen,450,eda9705d9ca6347ae348f4464693cd00e6b951a1f39b1f3630e0f476d8a5c443,1036,1036,True,True,True
2ff4b456463179aed06ea715863ffd8caf6b27a5d9593b6ef2030edd8bbb5411,qwen,450,33500584d1119aefcfc60f601d5decf9faaf509fdc1eb126eaec28d9010c8ce5,952,952,True,False,False
b2308913fa33840ca2279c27622a2c78c693299526f7acdb5adfff40b8d0ce87,qwen,450,0783c185098fef3291f43357e4082e84e0326b4734e8397d0c9e76ab3899ebf4,887,887,True,True,True
bbd5d6dc6ac4be853590f85efa699695a043bfed8495f9ef80fc7b17a01ac318,qwen,450,14f8535cbfe47f504519613d39461ed14a723b43f158cf1ebb78e443c6f7aeae,903,903,True,True,True
5ed0c60909b82e67c21a438695f8c8dc5f375c90ff86cf73d77856bdb87e9287,qwen,450,5dec7aa3a4aa63ae00c7dc6756299416c39c77be2d83bbe95bdaa6c0aa52f319,938,938,False,False,False
e383345df6342128db3bda92975d510cf9664fcbaf3b862701c637e48d585b46,qwen,450,8366d12abc448621e666f3a41e80e766414989e86e71b12ad2990d8279084da3,979,979,False,False,False
78aa80801799bdd37e5848f21d2bd2a52d933ab7444fc22dd6ce15b4a29802d2,qwen,450,9a0bf99f430016d2609cf66596c9d511aacbf45a79a2756306a33c0c358c8d2b,796,796,False,False,False
d19877a978dce890750d9005972b3e227862c589a9d788792cc2759e4c1a084e,qwen,450,67bc8f83c63f0fa1ea5f7a42873ef55c9c98e85a6b19b47419d283ced25b7c13,839,839,False,False,False
e8303419f48402584d1a11320e8517924b818b80983793594720d8632c30369d,qwen,450,ded932365541202ce0a5e07e204c146c599559bf742fafafa4d868b3666b07b7,841,841,False,False,False
622c1833dd4c673292b0f512dcf1c4e3ee9a09d327e0ba89b13f7222164b5495,qwen,450,61e20d86be727364e31a53c11144383a3e12dcdbf0f61a823114c96ff8b608d2,676,676,True,True,True
9ae2af9616c778287ca3a67dc9a631538d0783ca5633bc86b99f997548d03a4d,qwen,900,94fdbec6c20a8deebec4d382160857af22224c2706f2f68e5c9b1097dfe8eb5b,1204,1204,False,False,False
a8bd404a0e6ee303bee3832fc337f42347a52eb43a476bc81ce9bf274b87b403,qwen,900,ceb589954e19fce7e52cffd8f76fa647d926f35c4ff2e804d90ac6312f10a039,1110,1110,True,True,True
b784a72f9251d9b023972710d80f612d7104416b77bab0f7f5ed70f9603bf8d1,qwen,900,ff4328376c31988d51ddb274148c3f7148dc4ee4b3c94e69168f18e0cfa7004e,966,966,False,False,False
3ae7cf4fcf0fafc516da5e5a97e5aeaf4434236174b79557aaaea63e1420503d,qwen,900,a0ee0964285be5686a577abca5b45f7db5877ff9112a772b5cba2510965784a1,1064,1064,False,False,False
4d609dadd63e25d138fba97871993ef85b859568e06979c9172305214de33bbc,qwen,900,1e43184b98103abae0a27ac35c48ed54959c88bfc8a8ca4f4d0e0c92f8b79736,960,960,True,True,True
7f04d506740c78f679aeb5303a33d44776854de9195c9c5c333d3fed91f44868,qwen,900,6d72cba7674f40b7280411dd3bee9d77cfb9ec0f80d7b2e7fea44ae9eb08697a,948,948,False,False,False
ed2370ea98b45d6675ae0fd112f3f4883b020ad16a6b6c5fa2ef55149819a6ba,qwen,900,e7b841a73a272834b6a397d1c53c410d627c8034e5858b57aa03a6022d3422ee,846,846,True,True,True
2b3bdd1f9c4ed6cc98463e64a8b185eaa183bda1f772cb2b15ad53c99cd20acb,qwen,900,cac6b59b9428b5178d22fd5d9b84dd3a1e027fae679db571f947ea91d1c1f3b6,1045,1045,True,True,True
bf7b60c349c61da97fe3f18bee966763a4e82fec68226bc87fd29fbe4ff81646,qwen,900,b19a12c1b2d0ea9c043a81360f6598e6058eda73b3003fb9cdea94799a449a3b,1130,1130,False,False,False
037df82ffdf115a8811173db0b802e608b54b4cd8e03f8fd467350023cc9983a,qwen,900,fa340b4f29f2280b3bde9d01e00b3671953b13bf4c7c26dd10de3989455d2ccc,669,669,True,True,True
8237c28079cb3c8cbb939ac4eb83fb744cedf80bb8570fb83d82a6a22952e924,qwen,900,7f9ac2d122d09027a31a7634d2e656441562cd28fd8507357d4bc88bd178bbaf,930,930,False,False,False
265ceddd8c148b98e4d3e191375b73433aad9639799fe52f116742182de6e573,qwen,900,dcc2b31194095a4924fb3bca01a5b5fc7526c7eba18b7151669882ee70a93e1b,1048,1048,False,False,False
907a9efac05c3af256e4df42444870b8d53eb661359819bee366c3352693da1c,qwen,900,953e71d4d91afad3b995039254e2245e73cdf104075f003a7559cf023cfe8b21,1321,1321,True,True,True
4479e3a8512066db11e411090c0ea1e7160d6d830b88652804bcc608976959f6,qwen,900,0ffaae5728917191802faf0382144a33b40e27817645ddee51d7b666ec93e88a,1315,1315,True,True,True
1ecf84707e7f896d1e63166424937eb505c9236f78f32977487787c26acb9482,qwen,900,3298680771b9d581178d7d2dbce907b6844995d9434b00fbe9ea89d66df54395,1183,1183,True,True,True
9f90213f6f8753fefd19fcc98e9d6451c0be17d1891cc9f424232d8737435b8f,qwen,900,d658e831c625682ff02667adb795bb0f34bb039a322f07cec1e30f0dd09c408d,1332,1332,False,False,False
d68547480ce9b6b82b501100125121f7dce7abc478c736356fbb5d533dc85087,qwen,900,4bacd18ba69071bf20a460817140dd572c733410782163fdb1cd358be8641ebd,1281,1281,True,True,True
2790e3af47cc68dfa16509927bc2a934cbb6ba372c41f32f259cf526979fd812,qwen,900,6cc063b8f90996b3c86968b23adfbbdb12b4a416e8f05e5e7dcc0484997f15eb,665,665,True,True,True
4260314bc0e86102f5841e037533ebc1d33ed3611108b4a18004a1e654fbe9bd,qwen,900,a4268b0cc830d705dba6c6cb85b4ee35f873c4f98f4d36b85f0ee999ca88ade9,976,976,False,False,False
780b9690bc577ebe0574186c2393c97be5319fb8ef4324fb3e2a6547a0ecacc0,qwen,900,f30ab8534677de6fea7646e497154ea26be6fe9ab490bc2745e3b22fc38e9d07,1124,1124,False,False,False
5e69899dfd97b6a33c55134db302e52e2fba6f52f503f585a140e715d629bf0e,qwen,900,f414eb7d22ea4dfd67e0729698a1494f83be7a6c390047646faf92683bcb1c65,1294,1294,False,False,False
d3928990ea5781c0a0a2e15e94c2c332ca8f81af58a4f963bae9104c92f1b399,qwen,900,da463d2e81b7d08297fb2b4313f544bf0b061be2e7a1542bd9c05091583d7db0,1258,1258,True,True,True
57d77e3795c1f752c5eba5b052b0a04500ea6f856af6c76fe61cada438ce5497,qwen,900,fb3e4d948075612d035a5925c6f86ef3b6913d0241f5d65892c14e91bfa0daed,840,840,True,True,True
71cef227bbc8d0d2a89286e5e7b1c82ae56f6594bf2cc5fe097d656101f899c8,qwen,900,63e573d6479453c9f791dd75f808e8a96c94eeceaedd2761e8f9c87c50085c0c,920,920,True,True,True
76dc978ca497c50f9f9a988c053f35443f83f1520fd271d3a4a0e40f990bb8a1,qwen,900,9fc1e6c76ca44436e40171d194a7883ac87e57f1d0a6d941e3686e1f04166ee0,1223,1223,False,False,False
1361e24eb7fc0787a3449733684dfb879fcf6505385ac9be3d71462fa94aebf8,qwen,900,0a3a9113eddce09c007d083c67b2bc3b2749ea8483e3f63f480b81537c54a89b,1212,1212,True,True,True
83904822bbd7b3bed79d0a643264c8296ad6129cbd9b427ef1fa2273acb9b4b7,qwen,900,1067496707ac40c589443095d195920dda200882e0200f6b48a4236584f67063,1060,1060,True,True,True
6e47bc86e8a2e75cde58d144df1e471a74ad45e20dc109411662dfa285e8f22d,qwen,900,0ee73649ce9acd732dabf028b23452d725ccb1ac0d30ccd6862da4e20c29259b,859,859,False,False,False
e534b68449d18c055b1490807df0d871d6e40996985d0fea2b0ea8d9a3a74f6b,qwen,900,43f53661ad106ec39698eeac892a35902bbbc78859e9bffc7896b7937eb4b7d0,1075,1075,False,False,False
ecd58c625b78f04438f549717e4b8664bc5cb77050ed1ddbfe2bbabe4b113cde,qwen,900,b3fce7fa1c5837dafa1d61b38b3c55cb538800ef100f83cf180e9d2e2fe68697,1269,1269,False,False,False
85aeabcf94c0848aba6fc0d48668b0b0c9d74eda2217e7c1ac1e2924e1b187bc,qwen,900,963bd9128add2683fc706777156199c26be11e5ad429764d04c63dbc7bcafbc3,937,937,False,False,False
644162ad5ad9d91a9de5913e92a14f6a776eec68609619ec133bb0dbc9748d6a,qwen,900,dac4da8583f9f982b64631403aa1199fa29a6828dac223d877bb814c941108c1,1183,1183,False,False,False
a7a42248299b7de2868651ad7a36fcdd2d838d765ed18f191570b46903c57263,qwen,900,51dabf5825a87f3fc6df3b7148029169bd47f5edefb7a808f5cd03a0d12720c7,1511,1511,True,True,True
a3b8e0abe39f034966f168c2f3af7ddf786d3568c1244769329de9642de6dda0,qwen,900,7a0bc615b4f9d184afc64de81145aa2d53bd825ffa085bb779623f1dc33e10b3,1173,1173,False,False,False
f5f3b7726bbfdd3ee9c19e3cb3f60520c7a00e7be4307c7953612d6273fe49fb,qwen,900,1449aee487ea6897f8d717438f23e6a205ef2618d7ac75b41aea6f95090b9035,963,963,True,True,True
78000f99b9cdedf639b681d0d091d4cdf73565d44b207e54b983521d4e004a0a,qwen,900,190e0ddc2065c96e08fbdac75925c175dcefd217b2ee56e9e35c709d7068bc26,1479,1479,True,True,True
95904d067d420b2ff4156a5406afb7ae43dfb0c816f713b5d7fb2703953f2d11,qwen,900,5e911ae36aa36730e47a24d834f2cfec9b134d9b5f50d99d9d0282ac31969730,1011,1011,True,True,True
4656ee9fa4014e7785c8c7474302d0e4383a358b9572f7c69d289baa24131a19,qwen,900,27c7cd456e4cf4d4f4c4f0a33658f42a91c37c860bf993b5b73fca21b30672b0,1062,1062,True,True,True
2b9653f27233097ba2f19832f909e1e1e65333dc9e637c3e8c60ab9bb8efbaed,qwen,900,30466b3b4c60398f0ece15a6531d907723d2b78a8c9bc136c9de256551390b3f,1314,1314,False,False,False
d3b4d12bc295dbc639d63bc36f2ac7f13144327c8c0b560eb2000159ae5c64a6,qwen,900,1a2ae0fea7288cdef349f3807476888cee97ab2b3386586a1171024ba5edbaa4,1288,1288,True,True,True
b19198900b52544f82fbd2ccd84c31514f07c6a29b4febedfbf76dc0e516a9c2,qwen,900,8d70003aaade4908acbbee2aa2b82d90800cbfb2e1388e6eef0cd545c2c27c3f,917,917,False,False,False
46a8f3dd7d2987a8aa2ea238a3785256fba1c42741be5ae52edb815cb93da7bb,qwen,900,a79601ca3c5cb8d8fff2ee8bdd117a18f2129ff00ab05268a3ee58709be1cdcd,1141,1141,False,False,False
fefb162b8d86b17891c02e1c4631693542f26261122c5b6c7e40efb014b5ed11,qwen,900,3d064e861721dba9f185bc09ef5e4865dfca74599d3b6d8b70bee6e1451d0ad1,903,903,False,False,False
4a3417395d0a0abef07bc43d5a086a9f4182fda0c80e51c46a921d0fc8a12f4b,qwen,900,f912d10d4e8c5ffaa980eb150844f4c0f1dfc589773fae8f40e39fcd325a0913,1403,1403,False,False,False
d2ab86d7a4a02af1582558b0abda6928f1c3f2b7948e31d1e47a22b77a34c393,qwen,900,9972bae71e9f85feca508a0425800c79b150806dc7ab36f13e29f2613584a28b,1311,1311,False,False,False
5d42084b8c3ed8c97a6bda612dce6106ccec2f008c90a5db83169507f544b167,qwen,900,888b04bfc8cb8507a02fb6bdf9811f0d19dd940d29e7036ff89f77812455ade7,1010,1010,True,True,True
cb5a41d3c407f926793937b8eb8c1e67a178a5fcad10dc174c799357ea041904,qwen,900,cd6cbffcd0b0dce43c9e9258a337cb6bd4bcb8b383e9225b19a698497ba934bf,1395,1395,True,True,True
7c3692c04a20cf0e94fa208509f000b9e474de3ec0d5317812280022eda5f017,qwen,900,1243e90d96076cb35cd7a7adfcf9b753eeff19cfadc8c6ef7ada030175ff184c,1054,1054,True,True,True
0ef6dc6b19df08c98b10ddd822086b250afdbffc9394530a765c96650a02e18a,qwen,900,0b10176e30d6c331e105bae250a1b7ab5ecca4b7ed98957b12ab88d4665f8a35,843,843,False,False,False
e63490acde138f498ecb21611fdae5d645c33dbb59a67a73858fa15050f2335c,qwen,900,a241ebb2eb05808f1fde6a36ec950956c42a1aa723a38b72d2480b1b2cb148ce,939,939,True,True,True
27cb7ed595c659c5e4c882ce5a6fc8f0ecd57c4d6431c7badb694b7b32d16fd4,qwen,900,9a1195db6e231ecbb7795486a118de08d19fff823d877e9262a64dc9e8ffbb68,857,857,False,False,False
1f925c89bba9e8384e416a05771384b7c436682d96a5fcd80de5da84859f34f5,qwen,900,04662f23a8a2e199da59cb925c8d8631393c2dc1485b703cb15242cca0ba61bc,1269,1269,False,False,False
f439d9d0b179fa0a8b10e693eb371be5a1fe2793507255a2f75a86183abd2707,qwen,900,0dd95c79712eb9f7dd3158348d6e5e5ab29ca1cd40e15b6d79ee9fd0eb5189d8,930,930,True,True,True
28914fa42a623da81a96be80fc9f5894a4567f65a328ad895a2b2458b3012d76,qwen,900,43437f2c3ddd3d88311bb59102d91ac30f2bdf201e09398c9250c019309a3cbb,1217,1217,True,True,True
cfe277b217b0248f93c7c49a05a39d7bae7181a0f5901a9460f21453570046f0,qwen,900,fca9dc0c1f6079a6ad0507ad8668ee8ab20cb60bb3fbd484892ad8c5db09038f,917,917,True,True,True
eafdcb4e892cdd7ac3f661325525d4cbcf2fa910ba73985446ceb20a767c72c6,qwen,900,9856b43f2c2e43f67e4c47ccf7f4c5aff59ac844d94ecc5a2bbc6f1692079657,1207,1207,True,True,True
6762734804c7bae1a97f0400d5476c0701bab0aee405f78eb60aa2c04d7a5344,qwen,900,bfc79df817dbd0abb6e434214023553612c177334a929d3d9a0700413d9c5f95,1110,1110,False,False,False
5229a284b000cc286bb6683333eb4a8dbf3adf0f9915a0e4a228540979ec6ce5,qwen,900,cb7cd1f538c4e830debbe1bc53905dbc83ea48469dd96e948361b3527342aa9e,849,849,False,False,False
5b13725ae8097cf3b632bc5cb3e3196fb2339c7c6f2237eff6918f98006c3466,qwen,900,edd3edc2441c0733f8720bf453735f99cb3a88da27f2ffb0d7603c814f79668d,615,615,True,True,True
71c203551e63ea6fdc1a6747a1f0c8aea6cd0f420afc7ed01672ea18fde01461,qwen,900,2837434a6571b703ad496ea162a90709bebbb420bcb868345e1c211a04504df0,958,958,False,False,False
5834b1dac35839c386b52e37e6d9105b7aea979e39374c40c5dda17bab5e7cf1,qwen,900,8f04305b1d04db194784dd56bcdd2baa827c1d3b1332a7cb50309f8e0090c35a,1194,1194,True,True,True
7005fa48473d691f0bf6baf07866ed0ec1773c5c26648cc84dc6098aa028291a,qwen,900,25c8333b074062ffe68ce5c1d6370b3c50a7f12cec125bab85334af539252274,1120,1120,False,False,False
cbf778c819c8976abaf59ae0d8292208fc29e699e2e1842270833ffdf99348cb,qwen,900,b0abe216688ba87385f87dc36a2297b783e4f07a5aa968e30bdd51a7fba6f32c,1028,1028,False,False,False
d414dd367538916b6f1f289e5347a5171b9e24622b96f2beaa82a3e4199f7426,qwen,900,3905afcc6cb02a1b8819e6cc224db585c3d0fe53006c218043483a35bfafd412,852,852,False,False,False
859508c9475d6c67a0a84a0a64d2f1deafef4734f1541f9928107570dcc2abd0,qwen,900,1d45b1c8be218b2336d76daa163659ce42f8c69561b2c45373ae697f28989008,1112,1112,True,True,True
06e5a96ff3c8524685c7343fac6c1d4027f532ee638b594ab2cf796ed3c18020,qwen,900,4cadcf7ccc5855ebb7aa3934241b57e2f37baf2a3605b3db0f4cf42a539b9a75,1121,1121,True,True,True
5ace0514624c4f3da526879f0c74489a2af77e4738cef714f605acf5f54a9f75,qwen,900,e320c01888338ffe6b62201aa4014427e2fcf5c4a455ce0431debef3c869fb15,1499,1499,True,True,True
448efe5dc834ae3b70513b63646d459fdd1bee11236404799c67359d3e2ca6c4,qwen,900,625ca336ad04620981fb7e5d54f38a2aeeb834e2d412af0cbda7764c9819a439,1363,1363,True,True,True
2bd0f091942dfe11c86d6efd19e0864678d9c81b1f9c939d7c0e06c29ef4416d,qwen,900,2055017b009a64d9f9abe61b2e1a057cdf8ece6009e816e79745ea030000dfd8,1181,1181,True,True,True
c4d25d7da511ccc3827cb8791b3e8457d8425e79f17bfaded3ff23e0f82f97fd,qwen,900,4d16eef95617d7437c747e4fb3514a47e855e83708f3a958a2d5bbb36ad7633f,1278,1278,True,True,True
2ac35ba8714f1c1f137fad6c130272a4b9852015c39f612b10d1a38472037254,qwen,900,6edc8f0f40c0f5cbfca78eaba0d99ca2fcf088f90c3c0dac919882c4eb4e9316,1124,1124,False,False,False
1654bdd612cdace0d81ec9c5d9b30c2f72297febcf98dfa4a8c2ad2795203c9f,qwen,900,5de9f38494c87cf2defb211bde34128272e5c9f7cc2b20a475c805efd6c29ed7,1568,1568,True,True,True
acad337782b7a18541d8d0701f4067b55de135fb97394b49077df2816e0c09f0,qwen,900,fba773d9fc54ada98fd6acca73afbb38af875c544e6c58b08f88b8f71910e498,928,928,True,True,True
8bb66b2662cf87c3741b1f33ede5c7c68b36de5d3e005bc81d21b35ee2c8bfff,qwen,900,19d2f55b8e76ee6326bd7be2927b52e90bb81527b22372ab79ca23d7a971cd4a,1327,1327,False,False,False
603e969e54a377a2e35e465136f1422f4be3622260219a968200b7778b37770f,qwen,900,86b935cd78c5c21310cbddc5f8472e2bdfdadf4efdab106d76a70417ebec62da,981,981,True,True,True
a24b43b948083036dd8c0f31a1e6a5579d247216f8ab23c1b2fd86252985d7e1,qwen,900,fd367e0c25c02230a941c4bf14148bac71dda4c439f599f0f56b7821a8cd3674,1140,1140,False,False,False
c1b91d348784ad0994bf87f590289d960498caf5b3785d864fd5af2111a4eb0e,qwen,900,7109012a1704e33804604eb072f2498849f9431a837ac0c2902537b2c3333585,1085,1085,True,True,True
8346dc154a6616ec4b07129f2a306904ecad3bfc43c2929a189cf79590c44b8e,qwen,900,f9b99db7e0824f9d02ac73d7b5edfed62e21cf760750f6400aece9bed7fcae0d,1520,1520,True,True,True
7dd50848a36db232abd3b596e503072f5f09f71bbb14cf8944ea5d8db4047e65,qwen,900,8425a4298495864e01be6196e8542a678582527cac8efd09f27526714693d42e,992,992,False,False,False
3e6319a947e4ecc91070dde9d48eba7378219265d0e3c99b7e06b7518d9943d5,qwen,900,7c687ef3179fd6abba6fc6a28a3216ec774c38001b7ed0f6ada45277adc555de,1232,1232,True,True,True
dda61ce6ae340eee656a539f15334a4bf2649f82d057d4ce41c2391d145331ac,qwen,900,28475b2b4a817733d8527df6c714181d5f1b790759da160a6882e7e31f7404e4,1181,1181,True,True,True
2410f2bb4b09d2965d8b18fa5763e89957338e6ec5e043fd1863783921a8a544,qwen,900,98dfa84c4796a71fe14af9bb951f98d43ff8c1fb851816ce7eaf17db8b372667,1148,1148,True,True,True
8ee4384439a2d97dfd4b227ab3def54dc2ad933b91325c135b8d95e58a1d0a16,qwen,900,9d037cebf7a40f7a54541cdffab3e4a82463dd6c7cf120dad6d991004b291c20,1006,1006,True,True,True
c43c0c60f989c0ad5f2a1197301d7f30836b213f211ef1a6e2619bb5e4e5fa89,qwen,900,321ad7ea2f9ef9fc8f283fe6fd71172c28c084a84c54974205187e47d0733baa,893,893,False,False,False
bf6352c279a871ee8be4b78dcce1d053fcbff4f80b731912be601623459009b2,qwen,900,4f78e81c2832345d06373d104efe0ab65d686cc0e6bed70f54f0b313f2696392,862,862,False,False,False
2c0c706c4ee3de1ea180a6feefbc53837ea63bb23e0d14fdfc33f439166e78bd,qwen,900,4e30ed0cc0f33ca87a2724519907015aa933f6983714e168cbc0036a7609da45,1034,1034,True,True,True
da6c970dd1c9ed8b4be5b70fdd448080000e0004be8f6e79e2b09c770bfec21b,qwen,900,c3e771acdab98554d7095280b54fb994f209ccf768cbcfa725993b13aba568da,1086,1086,True,True,True
e846a94b7306d0f596b0daf3cb21b5dd6ef849416f6a15673d70156aa898b385,qwen,900,4af4da659aa0185827441a94dcb053e88a4d78e8657ff9b1e1aea32a79859275,1190,1190,True,True,True
f8dda8b9cd45f4c4caff8ea6957caa997abcfbdb5fc4afd9cedca4bdbe1ce571,qwen,900,22bea7db5c9e0dcb28ef09f6ecd8befb9397641fe41392e3199257bc83056578,1256,1256,True,True,True
6ec9e14c7df7dbdb2e3f04ee4c9d43769095b00512eb15be2e8126363c60f301,qwen,900,8cb4e5ab823ecee8fa817f30ded198a0b956d0a25277e6882468508a4b650d48,1136,1136,False,False,False
4b5d44fa9a65815b6898c4db6729e63e3496d4b709f918653e6dc4fc8d7ea9ca,qwen,900,a0edd6223b44287fb74c92503167da14aa9d94c9c8f27605bd64c3d5295c1b90,1125,1125,True,True,True
2ff4b456463179aed06ea715863ffd8caf6b27a5d9593b6ef2030edd8bbb5411,qwen,900,d6d5822ac794dd7bd83bba5a90e38bf83d11394c6360c312230ee85231e8501f,1040,1040,True,True,True
b2308913fa33840ca2279c27622a2c78c693299526f7acdb5adfff40b8d0ce87,qwen,900,adb91c518aba7d0ffceb1160b39d2a227e05666a4d830c59cc52d6365f0a3e6a,1027,1027,True,True,True
bbd5d6dc6ac4be853590f85efa699695a043bfed8495f9ef80fc7b17a01ac318,qwen,900,7c3c0dae31cbe2ffa01f19ce051adddeb4c4952cf10bb238c4cb029b9bce95e6,909,909,True,True,True
5ed0c60909b82e67c21a438695f8c8dc5f375c90ff86cf73d77856bdb87e9287,qwen,900,31882e123403a853ee6395cceeecbffc6818742abef22939a029e577e403ad65,1046,1046,False,False,False
e383345df6342128db3bda92975d510cf9664fcbaf3b862701c637e48d585b46,qwen,900,6d8bd6ac90638bf9e9c8040b53e874e5bf4a2e13bfcfe77dbbd842aec1262665,1258,1258,False,False,False
78aa80801799bdd37e5848f21d2bd2a52d933ab7444fc22dd6ce15b4a29802d2,qwen,900,dd144862f9e0e436a3b8f13b837f60ffc2cbce75438a0f969650c6417fbcabeb,816,816,False,False,False
d19877a978dce890750d9005972b3e227862c589a9d788792cc2759e4c1a084e,qwen,900,44825ee662805f0e916813f0e787021384116b8612dead420ddc6c7d950bf869,866,866,False,False,False
e8303419f48402584d1a11320e8517924b818b80983793594720d8632c30369d,qwen,900,8bb6114cd1610daa8590f46fdef1ad8865e2570687b85c39b44da6d25407cde3,884,884,False,False,False
622c1833dd4c673292b0f512dcf1c4e3ee9a09d327e0ba89b13f7222164b5495,qwen,900,821926549d7a99546077d8a522e15bea5a1b6c049a424c72bd95618251ad6efd,712,712,True,True,True
9ae2af9616c778287ca3a67dc9a631538d0783ca5633bc86b99f997548d03a4d,mistral,450,2917f9e0e81bdfdbd6d9f35fbde06304625e3576e0c857494959e6a9da5aa19b,1094,1094,False,False,False
a8bd404a0e6ee303bee3832fc337f42347a52eb43a476bc81ce9bf274b87b403,mistral,450,09ad1a9810204f98f678aeaf8a5daf58822e8bc9adea2cf39c64e34b7234d0d6,1116,1116,True,True,True
b784a72f9251d9b023972710d80f612d7104416b77bab0f7f5ed70f9603bf8d1,mistral,450,6f80a652892a4cb90765f71204ef0a156aec3826ff29e915ca481fc468423af3,990,990,False,False,False
3ae7cf4fcf0fafc516da5e5a97e5aeaf4434236174b79557aaaea63e1420503d,mistral,450,afb7e3b236c9eefdf6d709e43c622aecaebb9c2e827fad62bc0f2ace654a0f71,1015,1015,False,False,False
4d609dadd63e25d138fba97871993ef85b859568e06979c9172305214de33bbc,mistral,450,856b9d16ce2ff0f0796e5c309b85272df92bc880224aead0b6080214438770b2,928,928,True,False,False
7f04d506740c78f679aeb5303a33d44776854de9195c9c5c333d3fed91f44868,mistral,450,54de57a4768dd16ef0b7fdbb1dbb6e285481936b72ad7461e83f5d8e058d335b,945,945,False,False,False
ed2370ea98b45d6675ae0fd112f3f4883b020ad16a6b6c5fa2ef55149819a6ba,mistral,450,6dd9b4ff7880b6368b0ac9d852a64ef84f7c899d7fa18bcc0058509ecdf4a9ac,914,914,True,True,True
2b3bdd1f9c4ed6cc98463e64a8b185eaa183bda1f772cb2b15ad53c99cd20acb,mistral,450,1586b484466b845661f9d2b519a64f4d5ae719ebdeeb1d3aa39eec236e103615,1027,1027,True,False,False
bf7b60c349c61da97fe3f18bee966763a4e82fec68226bc87fd29fbe4ff81646,mistral,450,3eca3cee3dc524bde73b69ec7a5cc894401a509d4e364ce2b1ef29f8e392459a,1142,1142,False,False,False
037df82ffdf115a8811173db0b802e608b54b4cd8e03f8fd467350023cc9983a,mistral,450,fbeb2f30406d3fefeeedd21c8288557932481e85f69ab2fcde173e9f03223add,717,717,True,True,True
8237c28079cb3c8cbb939ac4eb83fb744cedf80bb8570fb83d82a6a22952e924,mistral,450,88f69dedbfa2f52e1209fff8c92eb0d1c0e1ec3bd9e77bd771aaa26544c10c02,923,923,False,False,False
265ceddd8c148b98e4d3e191375b73433aad9639799fe52f116742182de6e573,mistral,450,5148082b625247441c4771768925d085b8ba8ff77f6b501b07d9366a7a6583de,1048,1048,False,False,False
907a9efac05c3af256e4df42444870b8d53eb661359819bee366c3352693da1c,mistral,450,cebfd0c85b7167a3ca351848e5938843872c34eb065a0a9f55954e6b47533a65,1237,1237,True,True,True
4479e3a8512066db11e411090c0ea1e7160d6d830b88652804bcc608976959f6,mistral,450,8f7f71f7f6c80a349d092d9e2f75a0d0c9af7fa0d873f4c7b0cd2f7e66edcb70,1160,1160,True,False,False
1ecf84707e7f896d1e63166424937eb505c9236f78f32977487787c26acb9482,mistral,450,92c993b9b0040672412c2429da275b5f73c246e0e858a0e537edcbfb07cfbdbd,1226,1226,True,True,True
9f90213f6f8753fefd19fcc98e9d6451c0be17d1891cc9f424232d8737435b8f,mistral,450,5315a00067722e2e173b2cc620f497e7e3d15602f40f65f3a8e00c6addc38c5d,1147,1147,False,False,False
d68547480ce9b6b82b501100125121f7dce7abc478c736356fbb5d533dc85087,mistral,450,adc9a6b1fc9244855a922b3eaf0f3fc5ca88120c9b3938ccafb6788abef1349b,1242,1242,True,True,True
2790e3af47cc68dfa16509927bc2a934cbb6ba372c41f32f259cf526979fd812,mistral,450,11950c74fc7d31c37b8990bd6bee846d0275762da034fafe89747606aa7ff103,729,729,True,True,True
4260314bc0e86102f5841e037533ebc1d33ed3611108b4a18004a1e654fbe9bd,mistral,450,2c501e05a6cb57b75417edb19c65750bc2ce5e4c926b1fa4bee43ab1aee7076e,1017,1017,False,False,False
780b9690bc577ebe0574186c2393c97be5319fb8ef4324fb3e2a6547a0ecacc0,mistral,450,0ad05b15bb7c368bcd3816b5761522499d3819ee4684d897961252deb1e15a11,1079,1079,False,False,False
5e69899dfd97b6a33c55134db302e52e2fba6f52f503f585a140e715d629bf0e,mistral,450,95010753000c451615bce2ffb743e2a2d35cb3d752f5e91a0c6095f8a6d3be34,1154,1154,False,False,False
d3928990ea5781c0a0a2e15e94c2c332ca8f81af58a4f963bae9104c92f1b399,mistral,450,f41095d5434af6719b4f26363f6c5fe7ab4081cde8815840e56b4f4f85eb72f7,1148,1148,True,True,True
57d77e3795c1f752c5eba5b052b0a04500ea6f856af6c76fe61cada438ce5497,mistral,450,b1ab02c32a33f9090c7c2454ae5028fbb9d3a18dd416baa4db04496547c36f78,852,852,True,True,True
71cef227bbc8d0d2a89286e5e7b1c82ae56f6594bf2cc5fe097d656101f899c8,mistral,450,3905615b14b152dfc165d3ce790dbf4b67cf95dea502bb8d6bce343d5ce73c6b,929,929,True,True,True
76dc978ca497c50f9f9a988c053f35443f83f1520fd271d3a4a0e40f990bb8a1,mistral,450,d5cd9ee3d2dca99cff71dd4a2b050d47f74580a18d0cf7a82c615673b68d81ad,1208,1208,False,False,False
1361e24eb7fc0787a3449733684dfb879fcf6505385ac9be3d71462fa94aebf8,mistral,450,35c1b0336816089903dc27cd5fbd81627662f72fcd868b2a3ca7c80630df40db,1254,1254,True,True,True
83904822bbd7b3bed79d0a643264c8296ad6129cbd9b427ef1fa2273acb9b4b7,mistral,450,d026a223d695524395193e185d5156ab268a9d5fd0bd3922d392d75fdbf2ce2c,1068,1068,True,True,True
6e47bc86e8a2e75cde58d144df1e471a74ad45e20dc109411662dfa285e8f22d,mistral,450,0497f78dbe3098a00ec63913045752270615f3bb7b11a65f748450a067bb4d3c,970,970,False,False,False
e534b68449d18c055b1490807df0d871d6e40996985d0fea2b0ea8d9a3a74f6b,mistral,450,cc26c42dd30e416832c66215cc391d156f175daa82781d7a7fb5c1fae61914cd,1042,1042,False,False,False
ecd58c625b78f04438f549717e4b8664bc5cb77050ed1ddbfe2bbabe4b113cde,mistral,450,21c8dc9eb39e4649166722998c6e59875a86da9212857500e529a4df7819ce97,1090,1090,False,False,False
85aeabcf94c0848aba6fc0d48668b0b0c9d74eda2217e7c1ac1e2924e1b187bc,mistral,450,fb85397fb9b8d8a85dfb1fbbbd6a417bab168d69319c87337b13261e797921b0,915,915,False,False,False
644162ad5ad9d91a9de5913e92a14f6a776eec68609619ec133bb0dbc9748d6a,mistral,450,bffc1377c3df065d0ad55742e316f02e5e4d491a2e7888b63edd6850b2aac6b3,937,937,False,False,False
a7a42248299b7de2868651ad7a36fcdd2d838d765ed18f191570b46903c57263,mistral,450,5bc2a1a3a06a9493df0ea18bfc264f1afcfa095bf1621ae26b20328da6163c92,1334,1334,True,True,True
a3b8e0abe39f034966f168c2f3af7ddf786d3568c1244769329de9642de6dda0,mistral,450,5fb4246b04cc9383e7f212960f1ca2a344b296de9b5177bd3f47ec222eb70fc8,1059,1059,False,False,False
f5f3b7726bbfdd3ee9c19e3cb3f60520c7a00e7be4307c7953612d6273fe49fb,mistral,450,969f9244ac4c0da47ea0ec077949033e28e14f5457caa5e972dca2c44963ad66,953,953,True,True,True
78000f99b9cdedf639b681d0d091d4cdf73565d44b207e54b983521d4e004a0a,mistral,450,49614bd7479871a36d59a6eb6c63040bd2361634f111032c65879cbc230d9aa6,1257,1257,True,True,True
95904d067d420b2ff4156a5406afb7ae43dfb0c816f713b5d7fb2703953f2d11,mistral,450,d4383babeaefba8aa1cbe9a796b24b0f3eb934549ce1a714189ae119c2858b71,1093,1093,True,True,True
4656ee9fa4014e7785c8c7474302d0e4383a358b9572f7c69d289baa24131a19,mistral,450,f1cd83547069d5d2259147731353af89800d8b6373aed066efae9dbf3644375e,1057,1057,True,True,True
2b9653f27233097ba2f19832f909e1e1e65333dc9e637c3e8c60ab9bb8efbaed,mistral,450,20f5ea8ea4fbc6d6a0520372edf44b23187af64873ef444c176586648fc69cdd,1227,1227,False,False,False
d3b4d12bc295dbc639d63bc36f2ac7f13144327c8c0b560eb2000159ae5c64a6,mistral,450,3395fe3174a6dcc9f302caceb28b3a3b433d8e4d4d88c5979de1449bdc819298,1266,1266,True,True,True
b19198900b52544f82fbd2ccd84c31514f07c6a29b4febedfbf76dc0e516a9c2,mistral,450,c1f897859834deaba87392aaa65fd569e30129ced5717c01a4df87d87043cc35,948,948,False,False,False
46a8f3dd7d2987a8aa2ea238a3785256fba1c42741be5ae52edb815cb93da7bb,mistral,450,bb0d0166e864f38783e66121c26114032a69aec73eead5c29d5241cd40465cab,1100,1100,False,False,False
fefb162b8d86b17891c02e1c4631693542f26261122c5b6c7e40efb014b5ed11,mistral,450,b2c19415a1ca44ce33d706020f2106510ed5d7960d809d9203be0c700bed3ea5,940,940,False,False,False
4a3417395d0a0abef07bc43d5a086a9f4182fda0c80e51c46a921d0fc8a12f4b,mistral,450,9fed297a8d5f1d522e03f5597dec65c7c36f7ce34ec672af6c8b602bb27d8292,1389,1389,False,False,False
d2ab86d7a4a02af1582558b0abda6928f1c3f2b7948e31d1e47a22b77a34c393,mistral,450,1c92919dfa77d1d2a2b5b4ef15f52859014a663433f01190039124fa3d287402,1335,1335,False,False,False
5d42084b8c3ed8c97a6bda612dce6106ccec2f008c90a5db83169507f544b167,mistral,450,089e6c23619c82d548ca11b9c56a166fa4a3bcbbf91dcc10092248077ce259ab,934,934,True,True,True
cb5a41d3c407f926793937b8eb8c1e67a178a5fcad10dc174c799357ea041904,mistral,450,5fae26209dad2529e4f1670db43d68fced5757206a36bd4de02a933bdc393b42,1295,1295,True,True,True
7c3692c04a20cf0e94fa208509f000b9e474de3ec0d5317812280022eda5f017,mistral,450,572b56fe400c16ea1d06308ed931c7b92b6ab478169ea9a56773bda15052ca45,1075,1075,True,True,True
0ef6dc6b19df08c98b10ddd822086b250afdbffc9394530a765c96650a02e18a,mistral,450,af41aa0512c471544c3ff3978cf3ad15d9e3bd60808a9a0ad571b06735362110,904,904,False,False,False
e63490acde138f498ecb21611fdae5d645c33dbb59a67a73858fa15050f2335c,mistral,450,7472c1dd468fd6a639c0a701a52e71923620c09112183237fd97d7ba1fa81be0,991,991,True,True,True
27cb7ed595c659c5e4c882ce5a6fc8f0ecd57c4d6431c7badb694b7b32d16fd4,mistral,450,bbb55c7591898158b228d1824cd6b163de6f9d1d479e355f840bfc61e2db6a2c,877,877,False,False,False
1f925c89bba9e8384e416a05771384b7c436682d96a5fcd80de5da84859f34f5,mistral,450,a7c4aaf2f33f7fb0230259dc8e60699342f9d17646a0e7ad6e79e44c4a9ebdf6,1252,1252,False,False,False
f439d9d0b179fa0a8b10e693eb371be5a1fe2793507255a2f75a86183abd2707,mistral,450,626677e5ecb9c16a4efb2bd9deda3aeed950772a38112d464de72b2072a6b318,1000,1000,True,True,True
28914fa42a623da81a96be80fc9f5894a4567f65a328ad895a2b2458b3012d76,mistral,450,e1894b7f78907dc4d9610d6c391c31ebd50c7efc14560674bff5f57b5bc59a87,1195,1195,True,False,False
cfe277b217b0248f93c7c49a05a39d7bae7181a0f5901a9460f21453570046f0,mistral,450,331a8f79e56bf6ca95d7a93ec325454a0b973f3e6fa22d130b2bc0cf2b72768d,948,948,True,False,False
eafdcb4e892cdd7ac3f661325525d4cbcf2fa910ba73985446ceb20a767c72c6,mistral,450,22a86b23a08be29aeb04a3f18cedd9d8179c8b0cb56129a32db7bd0ebfaf8a41,1171,1171,True,False,False
6762734804c7bae1a97f0400d5476c0701bab0aee405f78eb60aa2c04d7a5344,mistral,450,c21b4bd95cf36e421fdc1552195dd3f174bfdd6f5b5f1f923e8aba1077025374,1153,1153,False,False,False
5229a284b000cc286bb6683333eb4a8dbf3adf0f9915a0e4a228540979ec6ce5,mistral,450,9e529bc3f6d3f8c83607f542c9dea9b0fb6848d2674f4ba58e1b5353a8e66025,903,903,False,False,False
5b13725ae8097cf3b632bc5cb3e3196fb2339c7c6f2237eff6918f98006c3466,mistral,450,5ba787dca894ff9192568f3cfe0916e2c4c6d282ba4641f2213b52e5a0e6b523,654,654,True,True,True
71c203551e63ea6fdc1a6747a1f0c8aea6cd0f420afc7ed01672ea18fde01461,mistral,450,8d377461cc351979c5a7448f83ababa701411bfacce978611fb9f78533483dcf,976,976,False,False,False
5834b1dac35839c386b52e37e6d9105b7aea979e39374c40c5dda17bab5e7cf1,mistral,450,d851f3c70c5497475174ecbd8253b1914c2ef2d675316019e9fa2353e3a16283,1098,1098,True,True,True
7005fa48473d691f0bf6baf07866ed0ec1773c5c26648cc84dc6098aa028291a,mistral,450,d006939e92f8a1964c45a19fa0604472ffcb637ddfe5f7f902eab0f75d9bf374,1019,1019,False,False,False
cbf778c819c8976abaf59ae0d8292208fc29e699e2e1842270833ffdf99348cb,mistral,450,cdb51cc3b102a03f87874dfcc032eebb8f4a2361ba9a3338550a69d57fa69979,998,998,False,False,False
d414dd367538916b6f1f289e5347a5171b9e24622b96f2beaa82a3e4199f7426,mistral,450,ad816304ba748e98c880a2b910a5a33f8485bfdec56559abc90749bf01cf486e,794,794,False,False,False
859508c9475d6c67a0a84a0a64d2f1deafef4734f1541f9928107570dcc2abd0,mistral,450,418f3418f460c2d095a2f46e5d2546097d76f79905f1771ef0f7406aac86f9f1,1023,1023,True,True,True
06e5a96ff3c8524685c7343fac6c1d4027f532ee638b594ab2cf796ed3c18020,mistral,450,352d9d203f24db65262b7dc7855266dc28b7a5dcca4cf5cb0f75ecfc6f76f534,1108,1108,True,True,True
5ace0514624c4f3da526879f0c74489a2af77e4738cef714f605acf5f54a9f75,mistral,450,0b081a3fa71b8ac1e24ad234c5d13eb0c2cdeeb20108aab3cf4be08c8298027e,1279,1279,True,True,True
448efe5dc834ae3b70513b63646d459fdd1bee11236404799c67359d3e2ca6c4,mistral,450,24e23c7df7d23911c8dd04a79022011e4aae828d388848dda2ee8e339fab661a,1176,1176,True,True,True
2bd0f091942dfe11c86d6efd19e0864678d9c81b1f9c939d7c0e06c29ef4416d,mistral,450,fd7fbeab4c95f422cda61fcb9f7fa3e15c31af37a23d82e6cc07c4df0f6f4707,1144,1144,True,True,True
c4d25d7da511ccc3827cb8791b3e8457d8425e79f17bfaded3ff23e0f82f97fd,mistral,450,ba5e654709e56e8afb2f99967b785b4d4f84b695c50b10ca43841901a0d604a7,1217,1217,True,True,True
2ac35ba8714f1c1f137fad6c130272a4b9852015c39f612b10d1a38472037254,mistral,450,15be06e13b2127126c85870d7f1d6b178266af46d80b8da66bf3cd62a653e133,1082,1082,False,False,False
1654bdd612cdace0d81ec9c5d9b30c2f72297febcf98dfa4a8c2ad2795203c9f,mistral,450,9b7065a4347998ec2f9a1de72f46ffe4d4b2df295aafe95706377470fef74f5b,1274,1274,True,False,False
acad337782b7a18541d8d0701f4067b55de135fb97394b49077df2816e0c09f0,mistral,450,60d744e4fdb05bbc39e075d7c4c46d8676fbe971d6d46844ab457ebb02de19ac,840,840,True,True,True
8bb66b2662cf87c3741b1f33ede5c7c68b36de5d3e005bc81d21b35ee2c8bfff,mistral,450,fec0054d97324f1060a6c800849e9ed3c7c17a5aae57a12d335ef54f3a51d910,1202,1202,False,False,False
603e969e54a377a2e35e465136f1422f4be3622260219a968200b7778b37770f,mistral,450,ead813cf3c74a3c26bb44af702a5701d8787486c3baba4c0639e6383432f9b97,990,990,True,True,True
a24b43b948083036dd8c0f31a1e6a5579d247216f8ab23c1b2fd86252985d7e1,mistral,450,5f3b68e439ad7581635ef27a0c97a8e8d7f6cf5aba2f024d6912e1f177747a45,1146,1146,False,False,False
c1b91d348784ad0994bf87f590289d960498caf5b3785d864fd5af2111a4eb0e,mistral,450,cf489e0c4f2c111a54ad0bd55cad57a8c7c44aba750a8f403566a03fb64951d4,1049,1049,True,True,True
8346dc154a6616ec4b07129f2a306904ecad3bfc43c2929a189cf79590c44b8e,mistral,450,6082f8b94c81a44afd2c60aafcce36b87f5069f7262e0d5cda8b27ae5f09c0ec,1231,1231,True,True,True
7dd50848a36db232abd3b596e503072f5f09f71bbb14cf8944ea5d8db4047e65,mistral,450,58d27c0e45d82c8888e9fb01a621a2806c134a9b189a9dd932e0175dac58668b,953,953,False,False,False
3e6319a947e4ecc91070dde9d48eba7378219265d0e3c99b7e06b7518d9943d5,mistral,450,a487bb14b1ed194bc58d4f185245f44d2298aa1a34b01a25db336aad7021b56e,1106,1106,True,True,True
dda61ce6ae340eee656a539f15334a4bf2649f82d057d4ce41c2391d145331ac,mistral,450,0e6f58f83d9e7528cf8ad125a993a9662fab7a91f66b3694ee464589a3f9b3e3,1062,1062,True,True,True
2410f2bb4b09d2965d8b18fa5763e89957338e6ec5e043fd1863783921a8a544,mistral,450,6acc0f9afdd2411e39e3355c588575dcf4cbab12c3936914cccedc68e803f4e5,1194,1194,True,True,True
8ee4384439a2d97dfd4b227ab3def54dc2ad933b91325c135b8d95e58a1d0a16,mistral,450,20f3a87798529ec4c84747325c5dd7bbaf7007789ad914599a64fe8c48a0c735,1028,1028,True,True,True
c43c0c60f989c0ad5f2a1197301d7f30836b213f211ef1a6e2619bb5e4e5fa89,mistral,450,527482d4baefbf563e625efc10df1704e050ec860cfcd5a3d915d91b179e8ce8,981,981,False,False,False
bf6352c279a871ee8be4b78dcce1d053fcbff4f80b731912be601623459009b2,mistral,450,b56cb307c658988b4659eea2972bf023805ba0b5059ae96d0439258246243683,824,824,False,False,False
2c0c706c4ee3de1ea180a6feefbc53837ea63bb23e0d14fdfc33f439166e78bd,mistral,450,85ed1747d1a478378f3152abe72723150d11471552db49b8ee54d6fa95794ec4,937,937,True,True,True
da6c970dd1c9ed8b4be5b70fdd448080000e0004be8f6e79e2b09c770bfec21b,mistral,450,5dd458ed04c79d5cade82ba3835626786ba356a5c2e521a78177af339faf8576,1074,1074,True,True,True
e846a94b7306d0f596b0daf3cb21b5dd6ef849416f6a15673d70156aa898b385,mistral,450,f64610ae8cdc150661b80ca6e6e802d76c38f18ead4637221967188d8f944702,1041,1041,True,True,True
f8dda8b9cd45f4c4caff8ea6957caa997abcfbdb5fc4afd9cedca4bdbe1ce571,mistral,450,fc673392b55f525958630d52954714007af12e39c6823db8f8034f56a7aa6722,1236,1236,True,False,False
6ec9e14c7df7dbdb2e3f04ee4c9d43769095b00512eb15be2e8126363c60f301,mistral,450,e8db0da44970acd2be4558f63b795c326bfae55f8f60d63e38096e9807fe7054,1066,1066,False,False,False
4b5d44fa9a65815b6898c4db6729e63e3496d4b709f918653e6dc4fc8d7ea9ca,mistral,450,6691e08f42cf3487964f780e116594bc9da6e60032d5b4447d068c0f00f9ec01,1172,1172,True,True,True
2ff4b456463179aed06ea715863ffd8caf6b27a5d9593b6ef2030edd8bbb5411,mistral,450,529b38af2183998b79e92beb755b5728b554a424c1234aaf49e583865cdc1430,1019,1019,True,False,False
b2308913fa33840ca2279c27622a2c78c693299526f7acdb5adfff40b8d0ce87,mistral,450,541cc082cbcf40e2066a2167a20afd6871b0ccd06acf9da74e03d1bdaa8c9e87,1005,1005,True,True,True
bbd5d6dc6ac4be853590f85efa699695a043bfed8495f9ef80fc7b17a01ac318,mistral,450,62fe008ee133f9c5ec3de54db25f56c4a3c7b5086a72ec69c79390e07e120ded,965,965,True,True,True
5ed0c60909b82e67c21a438695f8c8dc5f375c90ff86cf73d77856bdb87e9287,mistral,450,778380e251c0f1c88bee1dd47d4e188321853a753e69ad86b2eee66ac3414a9a,1054,1054,False,False,False
e383345df6342128db3bda92975d510cf9664fcbaf3b862701c637e48d585b46,mistral,450,5069eaec8f6f62d4e68bb35767c6645405a0143c32fda8f175e57c01ce570344,1119,1119,False,False,False
78aa80801799bdd37e5848f21d2bd2a52d933ab7444fc22dd6ce15b4a29802d2,mistral,450,5967e179558dcc4baca0156bcd6a6fef92d9f1b787eb51c97f6ed8f6a17e59f9,860,860,False,False,False
d19877a978dce890750d9005972b3e227862c589a9d788792cc2759e4c1a084e,mistral,450,e49dffc12772c6b93660072283ecdbef9080496a7dc80f36d72d5a847254e9a7,905,905,False,False,False
e8303419f48402584d1a11320e8517924b818b80983793594720d8632c30369d,mistral,450,9d5d520de6ea45866c18214e5ba43be68f677ef56d87dfa4bd3b8e70998f7f97,920,920,False,False,False
622c1833dd4c673292b0f512dcf1c4e3ee9a09d327e0ba89b13f7222164b5495,mistral,450,5fa9d93b7becad14e90eaf70ee96b11c6c3ac44a8a0a7709ab322ec93ee5fd52,754,754,True,True,True
9ae2af9616c778287ca3a67dc9a631538d0783ca5633bc86b99f997548d03a4d,mistral,900,06286a4c24ba8401fd237b98e802a5d15ed63e2f04431aa2d503b1052476ce09,1304,1304,False,False,False
a8bd404a0e6ee303bee3832fc337f42347a52eb43a476bc81ce9bf274b87b403,mistral,900,314413139ef0c54a4a39e7a8b10d5704bd06a7889e1a4e246b71a5f5ce5c4875,1216,1216,True,True,True
b784a72f9251d9b023972710d80f612d7104416b77bab0f7f5ed70f9603bf8d1,mistral,900,83aad35c607436ff4eca5fa488fae619d1259e42cdbccf44499a355a94ec82ad,1064,1064,False,False,False
3ae7cf4fcf0fafc516da5e5a97e5aeaf4434236174b79557aaaea63e1420503d,mistral,900,6b6dc40e7da9e5e5786ac7a3fda3a2c7ab0f0706c82735861af91ab97470cb0a,1161,1161,False,False,False
4d609dadd63e25d138fba97871993ef85b859568e06979c9172305214de33bbc,mistral,900,12cc6dd59de5e788b069b4514e88d69b45a6ead9f0b5dabb0e6295b7a5712a7f,1057,1057,True,True,True
7f04d506740c78f679aeb5303a33d44776854de9195c9c5c333d3fed91f44868,mistral,900,baf18e572a3873fb45399e7a3b8f87c761cd98853c002a8c290a0102eef705a9,1057,1057,False,False,False
ed2370ea98b45d6675ae0fd112f3f4883b020ad16a6b6c5fa2ef55149819a6ba,mistral,900,46c1bf5ce533344d20ea55fd379307781d1192c7f2b38481f0fd664bf02f6211,919,919,True,True,True
2b3bdd1f9c4ed6cc98463e64a8b185eaa183bda1f772cb2b15ad53c99cd20acb,mistral,900,eee1d03f26012a59cbfbb45737a27de4ea355fce15d82b6a1f5ce09bc29d1449,1169,1169,True,True,True
bf7b60c349c61da97fe3f18bee966763a4e82fec68226bc87fd29fbe4ff81646,mistral,900,730b541c8bffc0d2ba0658fa36a37cd5f5c3c10bafff8e8df5c2ba260198187d,1234,1234,False,False,False
037df82ffdf115a8811173db0b802e608b54b4cd8e03f8fd467350023cc9983a,mistral,900,fbeb2f30406d3fefeeedd21c8288557932481e85f69ab2fcde173e9f03223add,717,717,True,True,True
8237c28079cb3c8cbb939ac4eb83fb744cedf80bb8570fb83d82a6a22952e924,mistral,900,5ed6c4a7bccd9be9c5976d93817ee56f9d5b43657b9a0ea10f5ababb0a147210,991,991,False,False,False
265ceddd8c148b98e4d3e191375b73433aad9639799fe52f116742182de6e573,mistral,900,7b165b68b815c64cb9277b099f35f3f3143fb88808c69d066db36acf8ca9df7e,1149,1149,False,False,False
907a9efac05c3af256e4df42444870b8d53eb661359819bee366c3352693da1c,mistral,900,3f5448a9dd7f871a7c2fae55de6b31724f9e47fb4ce9d46b6fc6af978514a7ef,1464,1464,True,True,True
4479e3a8512066db11e411090c0ea1e7160d6d830b88652804bcc608976959f6,mistral,900,f3df6a71c9352e3983482e45053841595039abdd3ee6d6905ce6f6833899f07b,1434,1434,True,True,True
1ecf84707e7f896d1e63166424937eb505c9236f78f32977487787c26acb9482,mistral,900,f81a6ff17a2390e16ebc70c75e395961e787eeb62d52ace927aad2cce77de116,1300,1300,True,True,True
9f90213f6f8753fefd19fcc98e9d6451c0be17d1891cc9f424232d8737435b8f,mistral,900,5f72d8ccf75952a70e30541da2916279c3e9cadff8846fa42b1266eb421b0ced,1485,1485,False,False,False
d68547480ce9b6b82b501100125121f7dce7abc478c736356fbb5d533dc85087,mistral,900,2286f9c243d8ab5ed468e36c3aa1957d421a76de11d4ec07545e2dae7cfecd1a,1424,1424,True,True,True
2790e3af47cc68dfa16509927bc2a934cbb6ba372c41f32f259cf526979fd812,mistral,900,11950c74fc7d31c37b8990bd6bee846d0275762da034fafe89747606aa7ff103,729,729,True,True,True
4260314bc0e86102f5841e037533ebc1d33ed3611108b4a18004a1e654fbe9bd,mistral,900,3c402f316b0fbe5bb6cbcd1f3d3bae60ba32ffb57dc5e5390adba3ea85d72b84,1033,1033,False,False,False
780b9690bc577ebe0574186c2393c97be5319fb8ef4324fb3e2a6547a0ecacc0,mistral,900,aa6f745dc7fd32b631cf341d906883a89b4eaf242d059f4054ab7524c1ec6105,1169,1169,False,False,False
5e69899dfd97b6a33c55134db302e52e2fba6f52f503f585a140e715d629bf0e,mistral,900,32d64c5c46c434224382482eaaade4b8b853a38250c8f99eea0b3630b96333cd,1411,1411,False,False,False
d3928990ea5781c0a0a2e15e94c2c332ca8f81af58a4f963bae9104c92f1b399,mistral,900,8687c3adb23ef09e717626430e29caadc3dd53e59b5cb5148c750e25e1f0311a,1394,1394,True,True,True
57d77e3795c1f752c5eba5b052b0a04500ea6f856af6c76fe61cada438ce5497,mistral,900,2f437e04c6ce0b4f1b4fd0542bc091b83c15cbfd864fd4b1dfc93ffb1697e760,922,922,True,True,True
71cef227bbc8d0d2a89286e5e7b1c82ae56f6594bf2cc5fe097d656101f899c8,mistral,900,ab2b521ae713381d03f8ddc2454ca4bf2b54aa4c5666f1b777e15caf78c5a3b9,998,998,True,True,True
76dc978ca497c50f9f9a988c053f35443f83f1520fd271d3a4a0e40f990bb8a1,mistral,900,ebaa5e4b0f555e0c525a14c2254c8be77067f5a882c23d3369914c0f2790a422,1302,1302,False,False,False
1361e24eb7fc0787a3449733684dfb879fcf6505385ac9be3d71462fa94aebf8,mistral,900,a41a04cc5fadd10a8eb7331055623c23438795c6ade5620f838e3ba4be6b1fbc,1310,1310,True,True,True
83904822bbd7b3bed79d0a643264c8296ad6129cbd9b427ef1fa2273acb9b4b7,mistral,900,18cdf3fe9fe6985a4120747debcc60c76c1e9ef852d05f6dea06c36425e487ad,1199,1199,True,True,True
6e47bc86e8a2e75cde58d144df1e471a74ad45e20dc109411662dfa285e8f22d,mistral,900,d37b5129930f99bf44b8a02431b9d0ce1156057341ac2e07a309f9fe23b0e009,982,982,False,False,False
e534b68449d18c055b1490807df0d871d6e40996985d0fea2b0ea8d9a3a74f6b,mistral,900,e7696029d8752feafddda84e854050d99e0d27230e92e58398b4dd3dadfa1db1,1169,1169,False,False,False
ecd58c625b78f04438f549717e4b8664bc5cb77050ed1ddbfe2bbabe4b113cde,mistral,900,41020017b3913e1474598e5d2dcdb88f5db48f0b5574daa8a504ef892a1153f6,1372,1372,False,False,False
85aeabcf94c0848aba6fc0d48668b0b0c9d74eda2217e7c1ac1e2924e1b187bc,mistral,900,9454d44dc3f23769ecee62da97b7e8e453351b24733bb3ea48f9ff98afdba818,1004,1004,False,False,False
644162ad5ad9d91a9de5913e92a14f6a776eec68609619ec133bb0dbc9748d6a,mistral,900,e45761f42fe4962980a6cb1e385f79603aa51b9e37dcc53da4fded9f63d26cb1,1322,1322,False,False,False
a7a42248299b7de2868651ad7a36fcdd2d838d765ed18f191570b46903c57263,mistral,900,f0a95be2a68ca702002d81e678c4ad4cb696cc9d75a1cfda1f559f5545a881b0,1646,1646,True,True,True
a3b8e0abe39f034966f168c2f3af7ddf786d3568c1244769329de9642de6dda0,mistral,900,072113f7fbb113eb45ac2c29cc4717607e5b0807402de26723f624cfc6b9154d,1269,1269,False,False,False
f5f3b7726bbfdd3ee9c19e3cb3f60520c7a00e7be4307c7953612d6273fe49fb,mistral,900,d49382c91fd53036811cb3296ae26b398db6976d3c87960c4f007fa769f8b6c0,1093,1093,True,True,True
78000f99b9cdedf639b681d0d091d4cdf73565d44b207e54b983521d4e004a0a,mistral,900,3572dcb4fd9e39bc4c52c252cd1c282415aa649f74a7189b3b556e0e26698b4a,1630,1630,True,True,True
95904d067d420b2ff4156a5406afb7ae43dfb0c816f713b5d7fb2703953f2d11,mistral,900,ffb73b3959cfc263dcb2dfa028500919ccbca4be43f45ec0c189f62124c433b8,1134,1134,True,True,True
4656ee9fa4014e7785c8c7474302d0e4383a358b9572f7c69d289baa24131a19,mistral,900,efa4263f39acd9f5f9463e52085064e07b414101f6f19865a60bca78aab6a57f,1153,1153,True,True,True
2b9653f27233097ba2f19832f909e1e1e65333dc9e637c3e8c60ab9bb8efbaed,mistral,900,112184d3c641f6de63a3e423b87e2fc766ea3ce85bca58f47a6cd35f534c2399,1464,1464,False,False,False
d3b4d12bc295dbc639d63bc36f2ac7f13144327c8c0b560eb2000159ae5c64a6,mistral,900,6194dd808554b5a0d272d6986c3c6c880542e95790da18708e9be148fe9cd4ab,1393,1393,True,True,True
b19198900b52544f82fbd2ccd84c31514f07c6a29b4febedfbf76dc0e516a9c2,mistral,900,430b841327cef979990a297c05bb53ae8178e9bbc6af8cb0df8e35712587578d,1002,1002,False,False,False
46a8f3dd7d2987a8aa2ea238a3785256fba1c42741be5ae52edb815cb93da7bb,mistral,900,7a55a61749a92db5b82107b66dc97893b85e1ca057f2117f1675d47dd7682964,1215,1215,False,False,False
fefb162b8d86b17891c02e1c4631693542f26261122c5b6c7e40efb014b5ed11,mistral,900,1b00c56563b55a6dfcef984daab542b3a88a597f814c20a9d0e5128032763c85,981,981,False,False,False
4a3417395d0a0abef07bc43d5a086a9f4182fda0c80e51c46a921d0fc8a12f4b,mistral,900,2449819db5d801de9b43ac1523fe0fa6f793738bdd174c067f54f92aec44502f,1541,1541,False,False,False
d2ab86d7a4a02af1582558b0abda6928f1c3f2b7948e31d1e47a22b77a34c393,mistral,900,bb14e48fe8f38f7d0a0b844de068a60afd259e08c32470f81bedbe5323e31eb8,1391,1391,False,False,False
5d42084b8c3ed8c97a6bda612dce6106ccec2f008c90a5db83169507f544b167,mistral,900,50b9d0eb1b32cf7b3278d45df902bde4d83780e9e86f4aaa08a78935e00d51e3,1102,1102,True,True,True
cb5a41d3c407f926793937b8eb8c1e67a178a5fcad10dc174c799357ea041904,mistral,900,3844ec977a8a7048d1df25e0eb9fd280c3c526981a66a41574778a5b6bd20b5e,1520,1520,True,True,True
7c3692c04a20cf0e94fa208509f000b9e474de3ec0d5317812280022eda5f017,mistral,900,ff557b9686e9d84ba271f5322525786e3cf68599f70cd1e9bc33fb6d2be73d1d,1138,1138,True,True,True
0ef6dc6b19df08c98b10ddd822086b250afdbffc9394530a765c96650a02e18a,mistral,900,bd5ee9f4e1937a028bb79ff5c4a3b1f5cfcd480b4a9b443d6f281a43dce896a9,916,916,False,False,False
e63490acde138f498ecb21611fdae5d645c33dbb59a67a73858fa15050f2335c,mistral,900,91f3731bb3261710a082393bb34dbac138207e84733c68ac7199cf6b5af2b8d2,1022,1022,True,True,True
27cb7ed595c659c5e4c882ce5a6fc8f0ecd57c4d6431c7badb694b7b32d16fd4,mistral,900,9a2714da9bb655f81740b56d340aa3515b3abe0b79fedf6c52b6dca896893c5d,936,936,False,False,False
1f925c89bba9e8384e416a05771384b7c436682d96a5fcd80de5da84859f34f5,mistral,900,d607ce7a51a48a471ee5488b224c187656b46d6268513463996458752b3de43a,1392,1392,False,False,False
f439d9d0b179fa0a8b10e693eb371be5a1fe2793507255a2f75a86183abd2707,mistral,900,35dae34bd900824c3c4e157539992d6ce05c04288805928e8c1c4c0111b3f1f0,1020,1020,True,True,True
28914fa42a623da81a96be80fc9f5894a4567f65a328ad895a2b2458b3012d76,mistral,900,3d803714a6a95bd1eda5f0804cc2365b5ce9cd23aba3b2a0b60d979e3fd799bd,1353,1353,True,True,True
cfe277b217b0248f93c7c49a05a39d7bae7181a0f5901a9460f21453570046f0,mistral,900,8f1ba88dfb2b8896965ba86618ec854ce3db9bbdfc40bf0143c6b5c60c11570f,987,987,True,True,True
eafdcb4e892cdd7ac3f661325525d4cbcf2fa910ba73985446ceb20a767c72c6,mistral,900,9da671d59e1cf2b8da33c8ada870fd030b6ecc0bdfe9456f27ab6aa43130e2e4,1349,1349,True,True,True
6762734804c7bae1a97f0400d5476c0701bab0aee405f78eb60aa2c04d7a5344,mistral,900,52a25fcb0906e21e971a14ba81bbe87235b43eb990dc89021f7f079cd8df951a,1227,1227,False,False,False
5229a284b000cc286bb6683333eb4a8dbf3adf0f9915a0e4a228540979ec6ce5,mistral,900,99b612cfcb8d31704ca518a60800103c2566d64b9581daaaeb3a496763a3bf9d,925,925,False,False,False
5b13725ae8097cf3b632bc5cb3e3196fb2339c7c6f2237eff6918f98006c3466,mistral,900,5ba787dca894ff9192568f3cfe0916e2c4c6d282ba4641f2213b52e5a0e6b523,654,654,True,True,True
71c203551e63ea6fdc1a6747a1f0c8aea6cd0f420afc7ed01672ea18fde01461,mistral,900,a93635daa6227ab2e47a4feb702cbdcdd7aff9c925aa346c96e640507ad63f2a,1072,1072,False,False,False
5834b1dac35839c386b52e37e6d9105b7aea979e39374c40c5dda17bab5e7cf1,mistral,900,a4cc975a823931d144d2d7038f5f76d414c8a3734c7a9dbdf9434dc3aa364c30,1308,1308,True,True,True
7005fa48473d691f0bf6baf07866ed0ec1773c5c26648cc84dc6098aa028291a,mistral,900,6b6b165ee0b4b687bac592689cc03236e9afea6b8392067de30ed515640e3d9c,1167,1167,False,False,False
cbf778c819c8976abaf59ae0d8292208fc29e699e2e1842270833ffdf99348cb,mistral,900,591da99684b56e7d391b5dd127c48b380b15f4c713f27d3751a4c80e04481f25,1105,1105,False,False,False
d414dd367538916b6f1f289e5347a5171b9e24622b96f2beaa82a3e4199f7426,mistral,900,353e45896e5c4cd1f341da32494b0d38e6e2306dbc8b6add7a387b1d78f83f1f,930,930,False,False,False
859508c9475d6c67a0a84a0a64d2f1deafef4734f1541f9928107570dcc2abd0,mistral,900,a98cbd0d6d9bad2e712c3b3253525d7cf9ab1c3e1aef3363681a8adc12b80e74,1239,1239,True,True,True
06e5a96ff3c8524685c7343fac6c1d4027f532ee638b594ab2cf796ed3c18020,mistral,900,fe53d52e5fe4cdca5c08266cd9f01f0fa36fa34386822130b96370832fc4493a,1227,1227,True,True,True
5ace0514624c4f3da526879f0c74489a2af77e4738cef714f605acf5f54a9f75,mistral,900,505beb5944fab29e84856053c2513baea30e8cbfa4333b5eba936b4a90761a0c,1634,1634,True,True,True
448efe5dc834ae3b70513b63646d459fdd1bee11236404799c67359d3e2ca6c4,mistral,900,d54b757e64476590a59643d8a9be957cc2fd1fdcf1a6fa9cc6ba614f62700a68,1518,1518,True,True,True
2bd0f091942dfe11c86d6efd19e0864678d9c81b1f9c939d7c0e06c29ef4416d,mistral,900,1fa0db61a4bacfd04301b940defc89f85cefa6fdb95eafd3b42403aac3920c85,1269,1269,True,True,True
c4d25d7da511ccc3827cb8791b3e8457d8425e79f17bfaded3ff23e0f82f97fd,mistral,900,6eda5ad11642b0a2963209a070f6e67239153dee4f717e9b1069dda446fc476a,1422,1422,True,True,True
2ac35ba8714f1c1f137fad6c130272a4b9852015c39f612b10d1a38472037254,mistral,900,a37e7f6c13c7dfdd152260989df175d0b424223b4dd9dc4a8a49b386a4772b8c,1245,1245,False,False,False
1654bdd612cdace0d81ec9c5d9b30c2f72297febcf98dfa4a8c2ad2795203c9f,mistral,900,c06bb9ea31b225d03a41702ec4fe77e60af8a05ddc2e7b37ad96f7ec395d339b,1709,1709,True,True,True
acad337782b7a18541d8d0701f4067b55de135fb97394b49077df2816e0c09f0,mistral,900,0d6ab36894dfbc80aea11b3cd9688527ef72aa19171b5883687be2967f553239,1001,1001,True,True,True
8bb66b2662cf87c3741b1f33ede5c7c68b36de5d3e005bc81d21b35ee2c8bfff,mistral,900,8811ca84c376d1cf507ba3df493da232f9467418bafbbcfa896dfe571b8699ec,1403,1403,False,False,False
603e969e54a377a2e35e465136f1422f4be3622260219a968200b7778b37770f,mistral,900,fd8d309fe640e2cb3c5d94081235bcedaeda9ef24b98b059503e1e73d3028ec1,1049,1049,True,True,True
a24b43b948083036dd8c0f31a1e6a5579d247216f8ab23c1b2fd86252985d7e1,mistral,900,a337d60860b787ea62a60e54dd72269dd1f2ad018c3cebcb6389e6582943341a,1346,1346,False,False,False
c1b91d348784ad0994bf87f590289d960498caf5b3785d864fd5af2111a4eb0e,mistral,900,b1cbe49fab1e9efe611307ccfeea36f74676108451dcb616c2a5689974516d7c,1185,1185,True,True,True
8346dc154a6616ec4b07129f2a306904ecad3bfc43c2929a189cf79590c44b8e,mistral,900,31c467e95499d90bf847665c6b881c61ce98772c50d19a3855a47f8b225255e1,1658,1658,True,True,True
7dd50848a36db232abd3b596e503072f5f09f71bbb14cf8944ea5d8db4047e65,mistral,900,cfe6592cf14b3e555a23a1ae3d92e94dae1144e542f2b2be9c362ebe55a6c628,1131,1131,False,False,False
3e6319a947e4ecc91070dde9d48eba7378219265d0e3c99b7e06b7518d9943d5,mistral,900,82ca773e01a314b92ed6fc879112972b0975e071e61ffa13dc4592b9b16471c6,1356,1356,True,True,True
dda61ce6ae340eee656a539f15334a4bf2649f82d057d4ce41c2391d145331ac,mistral,900,8eb80ecf63b8f4aff7fe19b9c91742c512c471ac9776bc77d80519cc938b611e,1275,1275,True,True,True
2410f2bb4b09d2965d8b18fa5763e89957338e6ec5e043fd1863783921a8a544,mistral,900,25cc171de731a343d61e576dcce34e87221193083d6096f741c44b5f2ccd6eaf,1254,1254,True,True,True
8ee4384439a2d97dfd4b227ab3def54dc2ad933b91325c135b8d95e58a1d0a16,mistral,900,19bda08ce68613d02b7b760e0491f90b5804705880ecc245c51fa06c6b730af7,1092,1092,True,True,True
c43c0c60f989c0ad5f2a1197301d7f30836b213f211ef1a6e2619bb5e4e5fa89,mistral,900,3c9f12713fe7187ab9d7b69c804948f5206e5dbe5d6461159114482cee3d069e,988,988,False,False,False
bf6352c279a871ee8be4b78dcce1d053fcbff4f80b731912be601623459009b2,mistral,900,769d00a1d6333713b7aca8c6e1d01791dd32b95a2cf744d3cda3eae29faa6fcc,941,941,False,False,False
2c0c706c4ee3de1ea180a6feefbc53837ea63bb23e0d14fdfc33f439166e78bd,mistral,900,029246cc758644d357966a67b6786785518a8969d682ec537b673df4e908c879,1158,1158,True,True,True
da6c970dd1c9ed8b4be5b70fdd448080000e0004be8f6e79e2b09c770bfec21b,mistral,900,306a607963f2c439af3cecafad62603410e9b26febf4b4fbc6a19a3a137b158f,1173,1173,True,True,True
e846a94b7306d0f596b0daf3cb21b5dd6ef849416f6a15673d70156aa898b385,mistral,900,502a4564679fed2460830a221a43bbc632335f1021619b54be400fa79a571a08,1282,1282,True,True,True
f8dda8b9cd45f4c4caff8ea6957caa997abcfbdb5fc4afd9cedca4bdbe1ce571,mistral,900,29f0978feb956d54c934b59a27b3b4b7d034653d9fa5dc18841d583251d3fcc9,1410,1410,True,True,True
6ec9e14c7df7dbdb2e3f04ee4c9d43769095b00512eb15be2e8126363c60f301,mistral,900,4e2111486b06c3f5d6c25b515388977987d3c55085a6840dd28e233da47ac752,1246,1246,False,False,False
4b5d44fa9a65815b6898c4db6729e63e3496d4b709f918653e6dc4fc8d7ea9ca,mistral,900,678e3823ca3b2b52439cae5aaf7c1903d90459c2fa7dcaf75b15f4ec3c52250a,1274,1274,True,True,True
2ff4b456463179aed06ea715863ffd8caf6b27a5d9593b6ef2030edd8bbb5411,mistral,900,d50252f9cdcbb720d665f4f8ad635dd941b213f9f746587f69789d9abd5ce298,1123,1123,True,True,True
b2308913fa33840ca2279c27622a2c78c693299526f7acdb5adfff40b8d0ce87,mistral,900,24c8454e05e73bbd08e21f87157d0c07f77d8033c0ff6ecb4a98ca897b949af5,1163,1163,True,True,True
bbd5d6dc6ac4be853590f85efa699695a043bfed8495f9ef80fc7b17a01ac318,mistral,900,dabf18ed5ee147a55212b24e3a5a0a60dbf2c78ba9917910675776ec2e13309a,974,974,True,True,True
5ed0c60909b82e67c21a438695f8c8dc5f375c90ff86cf73d77856bdb87e9287,mistral,900,f7beba303fd5013dceebf70ab8960863e0e2af4026291d1808d35acc414b10e8,1180,1180,False,False,False
e383345df6342128db3bda92975d510cf9664fcbaf3b862701c637e48d585b46,mistral,900,49fafa37bc39644d11e1e965ea7d202905ff6bad745c6202e28c0d932f8d3580,1451,1451,False,False,False
78aa80801799bdd37e5848f21d2bd2a52d933ab7444fc22dd6ce15b4a29802d2,mistral,900,0d232d28a3da803b4562ccce3674a54518631af86a1b59e2b9a1a7836c9c4c9e,886,886,False,False,False
d19877a978dce890750d9005972b3e227862c589a9d788792cc2759e4c1a084e,mistral,900,e3e0f77b414ff7315399a58cb89d9391aef8600a1266bcc2ef808c5e8fee0a22,935,935,False,False,False
e8303419f48402584d1a11320e8517924b818b80983793594720d8632c30369d,mistral,900,2265b16424d8b3f90a377ba9b870c619216318097abdca7bd13b16710d792d8c,972,972,False,False,False
622c1833dd4c673292b0f512dcf1c4e3ee9a09d327e0ba89b13f7222164b5495,mistral,900,8099db817f40185a1fbcd1ffe5beff5bc25c3e4c04719cdea0fbfd79eee5cb94,795,795,True,True,True
