family,baseline,target,endpoint,reader,serializer_chars,ordered_ids_sha256,n,baseline_mean,target_mean,delta,ci_low,ci_high,baseline_only,target_only,baseline_higher,target_higher,ties,p_exact,p_raw,test,seed,n_resamples,family_size,p_holm,analysis_status,comparison_evidence
retrieval_vs_dense,dense,qwen_hyde,all_support,,,e930fa9a2df9b581c8cf26e89931b7a5fb5f51375bbf7bb58bf79a7cdcbf1195,2255,0.5033259423503326,0.4483370288248337,-0.054988913525498895,-0.07095343680709534,-0.039467849223946784,224,100,224,100,1931,4.575668410217673e-12,4.575668410217673e-12,two_sided_exact_mcnemar,13,10000,6,2.2878342051088367e-11,post_hoc,negative
retrieval_vs_dense,dense,qwen_hyde,any_support,,,e930fa9a2df9b581c8cf26e89931b7a5fb5f51375bbf7bb58bf79a7cdcbf1195,2255,0.9791574279379157,0.9698447893569845,-0.009312638580931265,-0.01729490022172949,-0.0013303769401330377,51,30,51,30,2174,0.02565435797169625,0.02565435797169625,two_sided_exact_mcnemar,13,10000,6,0.02565435797169625,post_hoc,negative
retrieval_vs_dense,dense,qwen_hyde,parent_recall,,,e930fa9a2df9b581c8cf26e89931b7a5fb5f51375bbf7bb58bf79a7cdcbf1195,2255,0.7665558019216555,0.7305986696230599,-0.03595713229859572,-0.04501108647450111,-0.027013118994826325,,,399,224,1632,,9.999000099990002e-05,paired_sign_flip_monte_carlo,13,10000,6,0.00039996000399960006,post_hoc,negative
retrieval_vs_dense,dense,mistral_hyde,all_support,,,e930fa9a2df9b581c8cf26e89931b7a5fb5f51375bbf7bb58bf79a7cdcbf1195,2255,0.5033259423503326,0.43414634146341463,-0.06917960088691796,-0.08514412416851441,-0.05365853658536585,245,89,245,89,1921,5.407123660416706e-18,5.407123660416706e-18,two_sided_exact_mcnemar,13,10000,6,3.244274196250023e-17,post_hoc,negative
retrieval_vs_dense,dense,mistral_hyde,any_support,,,e930fa9a2df9b581c8cf26e89931b7a5fb5f51375bbf7bb58bf79a7cdcbf1195,2255,0.9791574279379157,0.968070953436807,-0.011086474501108648,-0.019068736141906874,-0.0026607538802660754,58,33,58,33,2164,0.011456340539425671,0.011456340539425671,two_sided_exact_mcnemar,13,10000,6,0.022912681078851343,post_hoc,negative
retrieval_vs_dense,dense,mistral_hyde,parent_recall,,,e930fa9a2df9b581c8cf26e89931b7a5fb5f51375bbf7bb58bf79a7cdcbf1195,2255,0.7665558019216555,0.7175166297117517,-0.049039172209903906,-0.058315779748706574,-0.039800443458980046,,,456,211,1588,,9.999000099990002e-05,paired_sign_flip_monte_carlo,13,10000,6,0.00039996000399960006,post_hoc,negative
answer_vs_dense,dense,qwen_hyde,em,qwen,450,e930fa9a2df9b581c8cf26e89931b7a5fb5f51375bbf7bb58bf79a7cdcbf1195,2255,0.31929046563192903,0.29490022172949004,-0.024390243902439025,-0.03370288248337029,-0.01507760532150776,84,29,84,29,2142,2.200773062164681e-07,2.200773062164681e-07,two_sided_exact_mcnemar,13,10000,16,2.420850368381149e-06,post_hoc,negative
answer_vs_dense,dense,qwen_hyde,f1,qwen,450,e930fa9a2df9b581c8cf26e89931b7a5fb5f51375bbf7bb58bf79a7cdcbf1195,2255,0.3247528368331811,0.29949459754337804,-0.025258239289803135,-0.03454067214468936,-0.0161183758056068,,,94,32,2129,,9.999000099990002e-05,paired_sign_flip_monte_carlo,13,10000,16,0.0008999100089991002,post_hoc,negative
answer_vs_dense,dense,mistral_hyde,em,qwen,450,e930fa9a2df9b581c8cf26e89931b7a5fb5f51375bbf7bb58bf79a7cdcbf1195,2255,0.31929046563192903,0.2860310421286031,-0.03325942350332594,-0.04301552106430155,-0.02394678492239468,101,26,101,26,2128,1.2436604444119748e-11,1.2436604444119748e-11,two_sided_exact_mcnemar,13,10000,16,1.8654906666179622e-10,post_hoc,negative
answer_vs_dense,dense,mistral_hyde,f1,qwen,450,e930fa9a2df9b581c8cf26e89931b7a5fb5f51375bbf7bb58bf79a7cdcbf1195,2255,0.3247528368331811,0.29131629887727445,-0.033436537955906676,-0.04314943397906095,-0.023925300349260194,,,113,31,2111,,9.999000099990002e-05,paired_sign_flip_monte_carlo,13,10000,16,0.0008999100089991002,post_hoc,negative
answer_vs_dense,dense,qwen_hyde,em,qwen,900,e930fa9a2df9b581c8cf26e89931b7a5fb5f51375bbf7bb58bf79a7cdcbf1195,2255,0.3237250554323725,0.29002217294900223,-0.03370288248337029,-0.04390243902439024,-0.02350332594235033,106,30,106,30,2119,3.816056031663096e-11,3.816056031663096e-11,two_sided_exact_mcnemar,13,10000,16,5.342478444328335e-10,post_hoc,negative
answer_vs_dense,dense,qwen_hyde,f1,qwen,900,e930fa9a2df9b581c8cf26e89931b7a5fb5f51375bbf7bb58bf79a7cdcbf1195,2255,0.3279402497374256,0.294381315446784,-0.033558934290641614,-0.04375471615105761,-0.023654656319290472,,,115,32,2108,,9.999000099990002e-05,paired_sign_flip_monte_carlo,13,10000,16,0.0008999100089991002,post_hoc,negative
answer_vs_dense,dense,mistral_hyde,em,qwen,900,e930fa9a2df9b581c8cf26e89931b7a5fb5f51375bbf7bb58bf79a7cdcbf1195,2255,0.3237250554323725,0.28736141906873613,-0.03636363636363636,-0.04700665188470066,-0.026607538802660754,111,29,111,29,2115,1.6638844634724402e-12,1.6638844634724402e-12,two_sided_exact_mcnemar,13,10000,16,2.6622151415559043e-11,post_hoc,negative
answer_vs_dense,dense,mistral_hyde,f1,qwen,900,e930fa9a2df9b581c8cf26e89931b7a5fb5f51375bbf7bb58bf79a7cdcbf1195,2255,0.3279402497374256,0.29265525063751224,-0.03528499909991333,-0.0455285815408642,-0.025487739202875163,,,121,34,2100,,9.999000099990002e-05,paired_sign_flip_monte_carlo,13,10000,16,0.0008999100089991002,post_hoc,negative
answer_vs_dense,dense,qwen_hyde,em,mistral,450,e930fa9a2df9b581c8cf26e89931b7a5fb5f51375bbf7bb58bf79a7cdcbf1195,2255,0.2616407982261641,0.2376940133037694,-0.02394678492239468,-0.03547671840354767,-0.012416851441241685,118,64,118,64,2073,7.640172825800879e-05,7.640172825800879e-05,two_sided_exact_mcnemar,13,10000,16,0.0007640172825800879,post_hoc,negative
answer_vs_dense,dense,qwen_hyde,f1,mistral,450,e930fa9a2df9b581c8cf26e89931b7a5fb5f51375bbf7bb58bf79a7cdcbf1195,2255,0.30932236896292215,0.2830221124028359,-0.026300256560086194,-0.03694452304903017,-0.015609997393613425,,,282,175,1798,,9.999000099990002e-05,paired_sign_flip_monte_carlo,13,10000,16,0.0008999100089991002,post_hoc,negative
answer_vs_dense,dense,mistral_hyde,em,mistral,450,e930fa9a2df9b581c8cf26e89931b7a5fb5f51375bbf7bb58bf79a7cdcbf1195,2255,0.2616407982261641,0.24168514412416853,-0.019955654101995565,-0.031042128603104215,-0.008869179600886918,106,61,106,61,2088,0.0006186947801814237,0.0006186947801814237,two_sided_exact_mcnemar,13,10000,16,0.0008999100089991002,post_hoc,negative
answer_vs_dense,dense,mistral_hyde,f1,mistral,450,e930fa9a2df9b581c8cf26e89931b7a5fb5f51375bbf7bb58bf79a7cdcbf1195,2255,0.30932236896292215,0.2886416005539206,-0.020680768409001595,-0.030694867762449583,-0.010563862929760843,,,274,180,1801,,9.999000099990002e-05,paired_sign_flip_monte_carlo,13,10000,16,0.0008999100089991002,post_hoc,negative
answer_vs_dense,dense,qwen_hyde,em,mistral,900,e930fa9a2df9b581c8cf26e89931b7a5fb5f51375bbf7bb58bf79a7cdcbf1195,2255,0.25277161862527714,0.21862527716186253,-0.03414634146341464,-0.04567627494456763,-0.02261640798226164,128,51,128,51,2076,7.967842285572557e-09,7.967842285572557e-09,two_sided_exact_mcnemar,13,10000,16,1.0358194971244324e-07,post_hoc,negative
answer_vs_dense,dense,qwen_hyde,f1,mistral,900,e930fa9a2df9b581c8cf26e89931b7a5fb5f51375bbf7bb58bf79a7cdcbf1195,2255,0.2988191325963293,0.2644151236113425,-0.03440400898498681,-0.04443485958727915,-0.024035544856509456,,,289,194,1772,,9.999000099990002e-05,paired_sign_flip_monte_carlo,13,10000,16,0.0008999100089991002,post_hoc,negative
answer_vs_dense,dense,mistral_hyde,em,mistral,900,e930fa9a2df9b581c8cf26e89931b7a5fb5f51375bbf7bb58bf79a7cdcbf1195,2255,0.25277161862527714,0.21729490022172948,-0.03547671840354767,-0.04789356984478936,-0.023059866962305987,137,57,137,57,2061,8.778388557524864e-09,8.778388557524864e-09,two_sided_exact_mcnemar,13,10000,16,1.0534066269029836e-07,post_hoc,negative
answer_vs_dense,dense,mistral_hyde,f1,mistral,900,e930fa9a2df9b581c8cf26e89931b7a5fb5f51375bbf7bb58bf79a7cdcbf1195,2255,0.2988191325963293,0.2646374497053988,-0.03418168289093047,-0.04505761365077813,-0.023511149348693756,,,301,210,1744,,9.999000099990002e-05,paired_sign_flip_monte_carlo,13,10000,16,0.0008999100089991002,post_hoc,negative
prompt_vs_baselines,dense,qwen_standard,all_support,,,bc358637f1c2e19403ecf0dd6c00107d31855213882120cdb7c311f23156f168,500,0.502,0.458,-0.044,-0.076,-0.012,46,24,46,24,430,0.011526409654363481,0.011526409654363481,two_sided_exact_mcnemar,13,10000,36,0.20747537377854267,post_hoc,unresolved
prompt_vs_baselines,bm25,qwen_standard,all_support,,,bc358637f1c2e19403ecf0dd6c00107d31855213882120cdb7c311f23156f168,500,0.59,0.458,-0.132,-0.176,-0.08995000000000072,98,32,98,32,370,5.611085500503707e-09,5.611085500503707e-09,two_sided_exact_mcnemar,13,10000,36,1.9077690701712605e-07,post_hoc,negative
prompt_vs_baselines,dense,qwen_standard,any_support,,,bc358637f1c2e19403ecf0dd6c00107d31855213882120cdb7c311f23156f168,500,0.986,0.976,-0.01,-0.026,0.004,10,5,10,5,485,0.3017578125,0.3017578125,two_sided_exact_mcnemar,13,10000,36,1.0,post_hoc,unresolved
prompt_vs_baselines,bm25,qwen_standard,any_support,,,bc358637f1c2e19403ecf0dd6c00107d31855213882120cdb7c311f23156f168,500,0.98,0.976,-0.004,-0.022,0.014,12,10,12,10,478,0.8318119049072266,0.8318119049072266,two_sided_exact_mcnemar,13,10000,36,1.0,post_hoc,unresolved
prompt_vs_baselines,dense,qwen_standard,parent_recall,,,bc358637f1c2e19403ecf0dd6c00107d31855213882120cdb7c311f23156f168,500,0.7725,0.7426666666666666,-0.02983333333333333,-0.04783333333333333,-0.011333333333333334,,,81,48,371,,0.0013998600139986002,paired_sign_flip_monte_carlo,13,10000,36,0.030796920307969204,post_hoc,negative
prompt_vs_baselines,bm25,qwen_standard,parent_recall,,,bc358637f1c2e19403ecf0dd6c00107d31855213882120cdb7c311f23156f168,500,0.8126666666666666,0.7426666666666666,-0.07,-0.09483333333333334,-0.04482916666666673,,,134,62,304,,9.999000099990002e-05,paired_sign_flip_monte_carlo,13,10000,36,0.0031996800319968005,post_hoc,negative
prompt_vs_baselines,dense,qwen_evidence_only,all_support,,,bc358637f1c2e19403ecf0dd6c00107d31855213882120cdb7c311f23156f168,500,0.502,0.488,-0.014,-0.044,0.016,31,24,31,24,445,0.41875418826901556,0.41875418826901556,two_sided_exact_mcnemar,13,10000,36,1.0,post_hoc,unresolved
prompt_vs_baselines,bm25,qwen_evidence_only,all_support,,,bc358637f1c2e19403ecf0dd6c00107d31855213882120cdb7c311f23156f168,500,0.59,0.488,-0.102,-0.144,-0.06,86,35,86,35,379,4.004113903707686e-06,4.004113903707686e-06,two_sided_exact_mcnemar,13,10000,36,0.00013213575882235366,post_hoc,negative
prompt_vs_baselines,dense,qwen_evidence_only,any_support,,,bc358637f1c2e19403ecf0dd6c00107d31855213882120cdb7c311f23156f168,500,0.986,0.974,-0.012,-0.028,0.002,10,4,10,4,486,0.1795654296875,0.1795654296875,two_sided_exact_mcnemar,13,10000,36,1.0,post_hoc,unresolved
prompt_vs_baselines,bm25,qwen_evidence_only,any_support,,,bc358637f1c2e19403ecf0dd6c00107d31855213882120cdb7c311f23156f168,500,0.98,0.974,-0.006,-0.024,0.012,12,9,12,9,479,0.6636238098144531,0.6636238098144531,two_sided_exact_mcnemar,13,10000,36,1.0,post_hoc,unresolved
prompt_vs_baselines,dense,qwen_evidence_only,parent_recall,,,bc358637f1c2e19403ecf0dd6c00107d31855213882120cdb7c311f23156f168,500,0.7725,0.7568333333333332,-0.015666666666666666,-0.032,0.0006666666666666661,,,64,50,386,,0.0653934606539346,paired_sign_flip_monte_carlo,13,10000,36,1.0,post_hoc,unresolved
prompt_vs_baselines,bm25,qwen_evidence_only,parent_recall,,,bc358637f1c2e19403ecf0dd6c00107d31855213882120cdb7c311f23156f168,500,0.8126666666666666,0.7568333333333332,-0.05583333333333333,-0.08016666666666668,-0.03183333333333333,,,122,65,313,,9.999000099990002e-05,paired_sign_flip_monte_carlo,13,10000,36,0.0031996800319968005,post_hoc,negative
prompt_vs_baselines,dense,qwen_query2doc,all_support,,,bc358637f1c2e19403ecf0dd6c00107d31855213882120cdb7c311f23156f168,500,0.502,0.516,0.014,-0.014,0.044,24,31,24,31,445,0.41875418826901556,0.41875418826901556,two_sided_exact_mcnemar,13,10000,36,1.0,post_hoc,unresolved
prompt_vs_baselines,bm25,qwen_query2doc,all_support,,,bc358637f1c2e19403ecf0dd6c00107d31855213882120cdb7c311f23156f168,500,0.59,0.516,-0.074,-0.116,-0.032,77,40,77,40,383,0.0007995844433963207,0.0007995844433963207,two_sided_exact_mcnemar,13,10000,36,0.019190026641511697,post_hoc,negative
prompt_vs_baselines,dense,qwen_query2doc,any_support,,,bc358637f1c2e19403ecf0dd6c00107d31855213882120cdb7c311f23156f168,500,0.986,0.976,-0.01,-0.022,0.002,8,3,8,3,489,0.2265625,0.2265625,two_sided_exact_mcnemar,13,10000,36,1.0,post_hoc,unresolved
prompt_vs_baselines,bm25,qwen_query2doc,any_support,,,bc358637f1c2e19403ecf0dd6c00107d31855213882120cdb7c311f23156f168,500,0.98,0.976,-0.004,-0.02,0.012,10,8,10,8,482,0.8145294189453125,0.8145294189453125,two_sided_exact_mcnemar,13,10000,36,1.0,post_hoc,unresolved
prompt_vs_baselines,dense,qwen_query2doc,parent_recall,,,bc358637f1c2e19403ecf0dd6c00107d31855213882120cdb7c311f23156f168,500,0.7725,0.7691666666666668,-0.0033333333333333327,-0.019666666666666666,0.013166666666666665,,,58,53,389,,0.7081291870812919,paired_sign_flip_monte_carlo,13,10000,36,1.0,post_hoc,unresolved
prompt_vs_baselines,bm25,qwen_query2doc,parent_recall,,,bc358637f1c2e19403ecf0dd6c00107d31855213882120cdb7c311f23156f168,500,0.8126666666666666,0.7691666666666668,-0.0435,-0.06650416666666668,-0.02,,,111,63,326,,0.00039996000399960006,paired_sign_flip_monte_carlo,13,10000,36,0.010398960103989602,post_hoc,negative
prompt_vs_baselines,dense,mistral_standard,all_support,,,bc358637f1c2e19403ecf0dd6c00107d31855213882120cdb7c311f23156f168,500,0.502,0.454,-0.048,-0.08,-0.016,46,22,46,22,432,0.004903382516355933,0.004903382516355933,two_sided_exact_mcnemar,13,10000,36,0.09316426781076273,post_hoc,unresolved
prompt_vs_baselines,bm25,mistral_standard,all_support,,,bc358637f1c2e19403ecf0dd6c00107d31855213882120cdb7c311f23156f168,500,0.59,0.454,-0.136,-0.178,-0.096,94,26,94,26,380,3.139643327629843e-10,3.139643327629843e-10,two_sided_exact_mcnemar,13,10000,36,1.1302715979467434e-08,post_hoc,negative
prompt_vs_baselines,dense,mistral_standard,any_support,,,bc358637f1c2e19403ecf0dd6c00107d31855213882120cdb7c311f23156f168,500,0.986,0.972,-0.014,-0.03,0.002,12,5,12,5,483,0.143463134765625,0.143463134765625,two_sided_exact_mcnemar,13,10000,36,1.0,post_hoc,unresolved
prompt_vs_baselines,bm25,mistral_standard,any_support,,,bc358637f1c2e19403ecf0dd6c00107d31855213882120cdb7c311f23156f168,500,0.98,0.972,-0.008,-0.028,0.01,14,10,14,10,476,0.5412561893463135,0.5412561893463135,two_sided_exact_mcnemar,13,10000,36,1.0,post_hoc,unresolved
prompt_vs_baselines,dense,mistral_standard,parent_recall,,,bc358637f1c2e19403ecf0dd6c00107d31855213882120cdb7c311f23156f168,500,0.7725,0.7356666666666666,-0.036833333333333336,-0.056337500000000006,-0.0175,,,89,48,363,,0.00029997000299970003,paired_sign_flip_monte_carlo,13,10000,36,0.008099190080991902,post_hoc,negative
prompt_vs_baselines,bm25,mistral_standard,parent_recall,,,bc358637f1c2e19403ecf0dd6c00107d31855213882120cdb7c311f23156f168,500,0.8126666666666666,0.7356666666666666,-0.077,-0.10166666666666666,-0.05233333333333333,,,135,56,309,,9.999000099990002e-05,paired_sign_flip_monte_carlo,13,10000,36,0.0031996800319968005,post_hoc,negative
prompt_vs_baselines,dense,mistral_evidence_only,all_support,,,bc358637f1c2e19403ecf0dd6c00107d31855213882120cdb7c311f23156f168,500,0.502,0.454,-0.048,-0.08,-0.016,45,21,45,21,434,0.004272405031651673,0.004272405031651673,two_sided_exact_mcnemar,13,10000,36,0.08972050566468515,post_hoc,unresolved
prompt_vs_baselines,bm25,mistral_evidence_only,all_support,,,bc358637f1c2e19403ecf0dd6c00107d31855213882120cdb7c311f23156f168,500,0.59,0.454,-0.136,-0.18,-0.092,101,33,101,33,366,3.2775219146595527e-09,3.2775219146595527e-09,two_sided_exact_mcnemar,13,10000,36,1.1471326701308435e-07,post_hoc,negative
prompt_vs_baselines,dense,mistral_evidence_only,any_support,,,bc358637f1c2e19403ecf0dd6c00107d31855213882120cdb7c311f23156f168,500,0.986,0.958,-0.028,-0.046,-0.01,18,4,18,4,478,0.004343509674072266,0.004343509674072266,two_sided_exact_mcnemar,13,10000,36,0.08972050566468515,post_hoc,unresolved
prompt_vs_baselines,bm25,mistral_evidence_only,any_support,,,bc358637f1c2e19403ecf0dd6c00107d31855213882120cdb7c311f23156f168,500,0.98,0.958,-0.022,-0.04,-0.004,17,6,17,6,477,0.03468966484069824,0.03468966484069824,two_sided_exact_mcnemar,13,10000,36,0.5897243022918701,post_hoc,unresolved
prompt_vs_baselines,dense,mistral_evidence_only,parent_recall,,,bc358637f1c2e19403ecf0dd6c00107d31855213882120cdb7c311f23156f168,500,0.7725,0.7226666666666667,-0.049833333333333334,-0.06883333333333334,-0.031,,,94,38,368,,9.999000099990002e-05,paired_sign_flip_monte_carlo,13,10000,36,0.0031996800319968005,post_hoc,negative
prompt_vs_baselines,bm25,mistral_evidence_only,parent_recall,,,bc358637f1c2e19403ecf0dd6c00107d31855213882120cdb7c311f23156f168,500,0.8126666666666666,0.7226666666666667,-0.09,-0.11583750000000001,-0.0645,,,145,57,298,,9.999000099990002e-05,paired_sign_flip_monte_carlo,13,10000,36,0.0031996800319968005,post_hoc,negative
prompt_vs_baselines,dense,mistral_query2doc,all_support,,,bc358637f1c2e19403ecf0dd6c00107d31855213882120cdb7c311f23156f168,500,0.502,0.512,0.01,-0.02,0.04,26,31,26,31,443,0.5966417603730826,0.5966417603730826,two_sided_exact_mcnemar,13,10000,36,1.0,post_hoc,unresolved
prompt_vs_baselines,bm25,mistral_query2doc,all_support,,,bc358637f1c2e19403ecf0dd6c00107d31855213882120cdb7c311f23156f168,500,0.59,0.512,-0.078,-0.122,-0.034,81,42,81,42,377,0.0005560923592546708,0.0005560923592546708,two_sided_exact_mcnemar,13,10000,36,0.013902308981366771,post_hoc,negative
prompt_vs_baselines,dense,mistral_query2doc,any_support,,,bc358637f1c2e19403ecf0dd6c00107d31855213882120cdb7c311f23156f168,500,0.986,0.976,-0.01,-0.024,0.004,9,4,9,4,487,0.266845703125,0.266845703125,two_sided_exact_mcnemar,13,10000,36,1.0,post_hoc,unresolved
prompt_vs_baselines,bm25,mistral_query2doc,any_support,,,bc358637f1c2e19403ecf0dd6c00107d31855213882120cdb7c311f23156f168,500,0.98,0.976,-0.004,-0.022,0.014,12,10,12,10,478,0.8318119049072266,0.8318119049072266,two_sided_exact_mcnemar,13,10000,36,1.0,post_hoc,unresolved
prompt_vs_baselines,dense,mistral_query2doc,parent_recall,,,bc358637f1c2e19403ecf0dd6c00107d31855213882120cdb7c311f23156f168,500,0.7725,0.7715,-0.0009999999999999996,-0.0173375,0.01566666666666667,,,53,55,392,,0.9236076392360764,paired_sign_flip_monte_carlo,13,10000,36,1.0,post_hoc,unresolved
prompt_vs_baselines,bm25,mistral_query2doc,parent_recall,,,bc358637f1c2e19403ecf0dd6c00107d31855213882120cdb7c311f23156f168,500,0.8126666666666666,0.7715,-0.041166666666666664,-0.06483333333333334,-0.017166666666666667,,,114,70,316,,0.0008999100089991,paired_sign_flip_monte_carlo,13,10000,36,0.0206979302069793,post_hoc,negative
