condition,endpoint,n,ordered_ids_sha256,mean
dense,all_support,500,bc358637f1c2e19403ecf0dd6c00107d31855213882120cdb7c311f23156f168,0.502
dense,any_support,500,bc358637f1c2e19403ecf0dd6c00107d31855213882120cdb7c311f23156f168,0.986
dense,parent_recall,500,bc358637f1c2e19403ecf0dd6c00107d31855213882120cdb7c311f23156f168,0.7725
bm25,all_support,500,bc358637f1c2e19403ecf0dd6c00107d31855213882120cdb7c311f23156f168,0.59
bm25,any_support,500,bc358637f1c2e19403ecf0dd6c00107d31855213882120cdb7c311f23156f168,0.98
bm25,parent_recall,500,bc358637f1c2e19403ecf0dd6c00107d31855213882120cdb7c311f23156f168,0.8126666666666666
qwen_standard,all_support,500,bc358637f1c2e19403ecf0dd6c00107d31855213882120cdb7c311f23156f168,0.458
qwen_standard,any_support,500,bc358637f1c2e19403ecf0dd6c00107d31855213882120cdb7c311f23156f168,0.976
qwen_standard,parent_recall,500,bc358637f1c2e19403ecf0dd6c00107d31855213882120cdb7c311f23156f168,0.7426666666666666
qwen_evidence_only,all_support,500,bc358637f1c2e19403ecf0dd6c00107d31855213882120cdb7c311f23156f168,0.488
qwen_evidence_only,any_support,500,bc358637f1c2e19403ecf0dd6c00107d31855213882120cdb7c311f23156f168,0.974
qwen_evidence_only,parent_recall,500,bc358637f1c2e19403ecf0dd6c00107d31855213882120cdb7c311f23156f168,0.7568333333333332
qwen_query2doc,all_support,500,bc358637f1c2e19403ecf0dd6c00107d31855213882120cdb7c311f23156f168,0.516
qwen_query2doc,any_support,500,bc358637f1c2e19403ecf0dd6c00107d31855213882120cdb7c311f23156f168,0.976
qwen_query2doc,parent_recall,500,bc358637f1c2e19403ecf0dd6c00107d31855213882120cdb7c311f23156f168,0.7691666666666668
mistral_standard,all_support,500,bc358637f1c2e19403ecf0dd6c00107d31855213882120cdb7c311f23156f168,0.454
mistral_standard,any_support,500,bc358637f1c2e19403ecf0dd6c00107d31855213882120cdb7c311f23156f168,0.972
mistral_standard,parent_recall,500,bc358637f1c2e19403ecf0dd6c00107d31855213882120cdb7c311f23156f168,0.7356666666666666
mistral_evidence_only,all_support,500,bc358637f1c2e19403ecf0dd6c00107d31855213882120cdb7c311f23156f168,0.454
mistral_evidence_only,any_support,500,bc358637f1c2e19403ecf0dd6c00107d31855213882120cdb7c311f23156f168,0.958
mistral_evidence_only,parent_recall,500,bc358637f1c2e19403ecf0dd6c00107d31855213882120cdb7c311f23156f168,0.7226666666666667
mistral_query2doc,all_support,500,bc358637f1c2e19403ecf0dd6c00107d31855213882120cdb7c311f23156f168,0.512
mistral_query2doc,any_support,500,bc358637f1c2e19403ecf0dd6c00107d31855213882120cdb7c311f23156f168,0.976
mistral_query2doc,parent_recall,500,bc358637f1c2e19403ecf0dd6c00107d31855213882120cdb7c311f23156f168,0.7715
